;name;crossing;finishing;heading_accuracy;short_passing;volleys;dribbling;curve;fk_accuracy;long_passing;ball_control;acceleration;sprint_speed;agility;reactions;balance;shot_power;jumping;stamina;strength;long_shots;aggression;interceptions;positioning;vision;penalties;composure;defensive_awareness;standing_tackle;slide_tackle;gk_diving;gk_handling;gk_kicking;gk_positioning;gk_reflexes;best_position;club_position;best_overall_rating;country;team;age
0;Enzo Jeremías Fernández;66;66;66;83;75;78;74;69;82;80;77;72;76;79;77;83;70;85;79;78;82;75;79;84;70;80;76;75;74;8;6;7;8;10;LCM;CM;82;Argentina;Benfica;21
1;Arda Güler;76;63;40;72;61;77;79;73;70;75;71;65;81;58;84;64;62;59;35;62;34;47;64;74;67;70;39;40;36;13;10;11;14;10;SUB;CAM;72;Turkey;Fenerbahçe;17
2;Alexis Mac Allister;79;77;61;81;73;76;83;82;77;79;73;66;73;75;72;78;64;75;67;81;54;61;77;78;80;76;68;67;60;7;10;14;15;10;RDM;CAM;79;Argentina;Brighton & Hove Albion;23
3;Randal Kolo Muani;45;79;78;76;70;85;69;54;61;82;89;85;82;78;51;75;82;68;69;63;32;38;82;65;62;79;32;32;31;7;14;15;8;5;SUB;ST;81;France;Eintracht Frankfurt;23
4;Damián Emiliano Martínez;22;16;26;50;13;13;22;20;59;35;59;57;49;80;49;62;60;40;70;16;37;13;12;66;42;60;11;20;20;85;83;82;83;85;GK;GK;84;Argentina;Aston Villa;29
5;Cristiano Ronaldo dos Santos Aveiro;78;91;89;78;85;81;79;75;70;87;76;82;77;90;67;93;95;70;75;88;62;29;93;76;90;94;24;32;24;7;11;15;14;11;ST;ST;88;Portugal;;37
6;Julián Álvarez;75;80;68;74;75;82;80;74;74;83;82;77;87;78;87;84;69;79;70;80;83;46;82;78;73;82;60;53;46;6;10;8;15;6;SUB;CAM;81;Argentina;Manchester City;22
7;Azzedine Ounahi;56;60;58;78;49;70;59;52;75;74;55;60;70;67;67;72;61;81;63;58;58;60;59;69;55;68;56;66;61;14;13;6;8;7;LCM;CM;73;Morocco;Angers SCO;22
8;Lionel Andrés Messi Cuccittini;84;90;70;91;88;95;93;93;90;93;87;76;91;92;95;86;68;70;68;91;44;40;93;94;75;96;20;35;24;6;11;15;14;8;RS;CAM;92;Argentina;Paris Saint Germain;35
9;Kylian Mbappé Lottin;78;93;72;85;83;93;80;69;71;91;97;97;93;93;81;88;77;87;76;82;64;38;92;83;80;88;26;34;32;13;5;7;11;6;LS;ST;92;France;Paris Saint Germain;23
10;Pablo Martín Páez Gavira;69;68;42;83;49;83;74;47;79;82;77;75;86;82;90;56;70;83;58;67;85;74;78;81;51;74;59;72;66;8;10;11;7;13;SUB;CAM;82;Spain;FC Barcelona;17
11;Marcus Edwards;69;73;37;73;69;85;76;60;60;82;88;82;92;78;92;74;45;71;38;75;43;30;76;75;58;83;38;32;24;7;12;15;15;6;ST;CAM;80;England;Sporting CP;23
12;Sofyan Amrabat;59;70;61;80;68;71;69;58;71;82;69;68;64;74;82;72;69;78;80;75;75;74;68;68;57;82;77;73;67;13;13;6;16;12;CM;CM;77;Morocco;Fiorentina;25
13;Joško Gvardiol;61;42;77;76;54;75;59;59;74;76;80;84;68;77;65;76;84;79;84;56;85;80;58;65;61;75;77;83;83;5;8;6;9;11;LCB;CB;83;Croatia;RB Leipzig;20
14;Youssoufa Moukoko;47;78;62;67;73;79;68;39;42;76;82;86;84;71;85;70;77;64;67;59;48;31;72;59;60;68;30;31;25;13;13;11;10;13;ST;ST;75;Germany;Borussia Dortmund;17
15;António João Tavares Silva;45;28;74;74;29;69;31;26;73;73;77;81;48;78;52;45;67;83;82;22;63;80;25;67;40;77;74;78;73;12;10;8;6;8;RCB;CDM;77;Portugal;Benfica;18
16;Matheus Santos Carneiro Da Cunha;75;82;68;78;75;86;77;64;67;84;81;86;85;81;70;83;74;81;72;82;68;25;83;77;74;82;29;28;32;8;7;13;13;11;SUB;ST;83;Brazil;Atlético Madrid;23
17;Thiago Ezequiel Almada;64;71;39;74;73;82;83;65;68;79;90;81;92;72;93;75;56;74;55;72;64;58;68;72;77;81;47;57;53;12;8;9;8;10;LCM;CAM;78;Argentina;Atlanta United;21
18;Rodrigo Javier De Paul;78;76;58;85;71;82;84;76;85;85;80;76;78;81;78;80;68;91;79;78;76;79;78;86;66;81;71;81;75;13;12;10;7;14;RCM;CM;84;Argentina;Atlético Madrid;28
19;Gonçalo Matias Ramos;60;80;79;71;74;73;60;45;65;76;78;77;78;77;76;83;84;89;79;67;80;34;80;63;57;74;38;42;21;15;9;7;7;15;ST;ST;80;Portugal;Benfica;21
20;Antonio Nusa;58;58;40;62;55;78;67;58;57;75;87;85;89;50;86;67;33;40;53;60;37;27;57;53;54;55;37;47;53;12;14;14;9;10;SUB;LW;68;Norway;Club Brugge;17
21;Khvicha Kvaratskhelia;69;72;62;78;64;84;78;59;72;83;83;82;84;72;71;76;59;71;68;74;61;37;79;78;65;76;41;39;34;9;15;8;14;8;RES;CAM;81;Georgia;Napoli;21
22;William Alain André Gabriel Saliba;58;37;67;79;34;72;55;35;73;78;77;84;50;81;59;60;72;69;84;23;82;83;43;62;47;79;83;85;81;7;10;6;8;11;RCB;CB;83;France;Arsenal;21
23;Erling Braut Haaland;47;94;79;74;88;78;77;62;53;82;82;94;76;89;72;94;74;81;93;87;85;43;91;74;76;85;44;53;29;7;14;13;11;7;ST;ST;91;Norway;Manchester City;21
24;Alan Gonzalo Varela;61;54;57;80;60;68;80;43;74;75;71;70;71;75;75;69;62;82;74;61;65;76;63;73;60;79;75;72;70;8;11;14;5;13;CDM;CDM;77;Argentina;Boca Juniors;20
25;Luis Gerardo Chávez Magallón;74;64;48;80;65;79;76;82;78;81;80;80;71;75;71;83;42;84;64;82;60;67;70;82;70;72;70;75;70;7;10;14;9;12;SUB;CAM;80;Mexico;;26
26;Eduardo Celmi Camavinga;70;62;64;84;59;80;72;59;81;83;75;76;81;79;78;73;70;81;78;69;78;77;73;77;62;82;75;80;79;12;6;8;12;12;SUB;CDM;83;France;Real Madrid;19
27;Orkun Kökçü;78;71;41;84;72;77;82;77;83;83;75;69;81;73;80;77;60;85;70;82;85;72;75;84;77;77;68;71;68;9;6;10;6;12;LCM;CM;82;Turkey;Feyenoord;21
28;Jamal Musiala;66;74;49;79;65;89;67;48;74;88;84;76;92;84;91;71;55;77;53;73;59;65;78;79;53;84;64;63;69;6;9;8;8;11;CAM;CAM;84;Germany;FC Bayern München;19
29;Francisco Guillermo Ochoa Magaña;15;12;19;37;16;10;14;17;37;20;50;50;57;70;43;53;79;38;60;11;19;23;16;50;16;60;21;10;12;82;73;70;81;84;GK;GK;80;Mexico;;36
30;Rafael Alexandre Conceição Leão;75;80;63;76;74;89;80;60;63;86;90;92;82;83;80;80;62;77;80;72;60;24;82;74;63;81;22;24;21;10;12;15;11;9;LW;LW;84;Portugal;Milan;23
31;Jobe Bellingham;41;45;48;62;33;60;34;36;58;61;69;68;62;53;65;57;61;63;55;40;56;53;59;57;45;55;57;56;57;10;10;13;15;11;SUB;CAM;60;England;Birmingham City;16
32;Lisandro Martínez;75;52;76;82;56;76;68;55;82;79;77;72;75;79;79;72;91;85;81;66;86;83;62;74;55;84;85;84;83;6;14;13;14;8;LCB;CDM;84;Argentina;Manchester United;24
33;Cody Mathès Gakpo;83;82;66;76;75;86;78;76;68;84;86;87;81;81;71;86;75;76;77;83;60;39;81;79;68;78;43;38;28;15;11;7;9;5;LW;RM;84;Netherlands;PSV;23
34;Alejandro Garnacho Ferreyra;61;62;44;57;54;66;64;61;47;62;84;80;85;63;86;57;38;63;50;56;46;25;60;57;56;65;18;23;20;6;15;14;13;7;SUB;LW;65;Argentina;Manchester United;18
35;Fabio Miretti;71;52;49;77;70;77;74;69;75;79;77;77;79;71;77;66;59;79;67;68;72;62;66;73;65;75;62;69;67;11;9;6;14;12;LCM;RM;76;Italy;Juventus;18
36;Xavi Quentin Shay Simons;62;65;50;76;56;77;72;65;70;80;86;84;86;72;82;67;53;71;58;63;74;61;73;76;63;75;48;61;52;9;11;5;8;10;RW;CAM;77;Netherlands;PSV;19
37;Mykhailo Mudryk;69;66;39;66;47;80;62;63;64;79;89;87;86;67;75;69;60;64;53;64;62;28;69;73;52;70;51;52;38;10;12;14;6;7;SUB;RM;76;Ukraine;Shakhtar Donetsk;21
38;Ernesto Alexis Vega Rojas;69;76;64;77;65;88;72;75;74;78;81;79;83;72;86;80;70;80;75;81;64;26;75;86;66;75;44;19;18;5;11;12;8;7;LW;CAM;82;Mexico;;24
39;Marcus Lilian Thuram-Ulien;74;80;77;74;70;82;66;48;62;78;78;89;73;78;57;81;71;79;85;73;50;50;80;76;70;75;43;49;37;11;13;14;9;15;ST;ST;81;France;Borussia Mönchengladbach;24
40;Jeremie Agyekum Frimpong;83;62;49;75;43;85;74;47;58;79;96;93;91;76;90;53;72;84;61;48;74;71;76;75;39;71;73;77;74;12;7;8;13;14;RM;RM;81;Netherlands;Bayer 04 Leverkusen;21
41;Mathis Rayan Cherki;70;64;28;69;57;86;77;73;59;79;74;68;82;69;83;76;31;56;67;68;57;22;69;68;61;75;19;23;15;7;14;6;8;8;SUB;CAM;74;France;Olympique Lyonnais;18
42;Nahuel Molina Lucero;79;67;60;76;62;76;66;44;68;77;84;81;80;78;76;70;75;79;61;67;74;72;77;75;45;71;71;75;70;12;13;8;5;10;RB;RM;79;Argentina;Atlético Madrid;24
43;Jérémie Boga;78;72;59;73;60;84;78;64;69;79;90;79;88;67;82;80;61;67;63;75;56;41;72;68;55;73;24;42;34;15;8;9;14;16;SUB;RM;78;Côte d'Ivoire;Atalanta;25
44;Giorgio Scalvini;34;23;70;63;34;45;32;22;44;67;55;55;38;72;49;44;71;68;67;28;67;73;28;42;35;69;72;74;72;6;12;12;9;6;SUB;CB;72;Italy;Atalanta;18
45;Paulo Bruno Exequiel Dybala;82;83;58;86;88;90;89;88;79;93;84;76;88;79;90;84;74;68;60;89;43;42;82;91;84;79;32;41;39;5;4;4;5;8;SUB;CAM;87;Argentina;Roma;28
46;Aurélien Tchouaméni;68;67;74;86;50;78;76;53;84;80;75;72;73;83;70;78;74;83;81;75;80;84;75;83;55;83;81;81;78;9;8;12;12;7;CDM;CM;84;France;Real Madrid;22
47;Degnand Wilfried Gnonto;53;68;62;70;54;79;52;46;64;74;88;86;86;65;83;70;64;64;67;64;53;25;67;61;63;70;37;21;19;11;9;10;10;13;SUB;CAM;73;Italy;Leeds United;18
48;Christopher Nkunku;81;86;61;85;70;89;82;80;80;88;87;89;88;85;90;79;59;78;64;78;59;64;86;85;67;81;62;64;54;5;6;10;15;7;LS;CAM;89;France;RB Leipzig;24
49;Alberto Moleiro González;59;69;57;77;53;79;59;42;74;76;80;74;80;66;83;68;61;65;56;62;60;45;72;84;59;60;40;48;53;6;9;11;8;11;SUB;CAM;78;Spain;Las Palmas;18
50;Federico Santiago Valverde Dipetta;73;75;59;86;70;81;74;69;87;84;84;91;77;87;68;89;62;89;80;87;81;81;79;83;59;82;79;81;79;6;10;6;15;8;RW;CM;86;Uruguay;Real Madrid;23
51;Gabriel Teodoro Martinelli Silva;74;78;72;72;70;86;72;65;50;81;89;87;86;79;80;77;55;78;63;65;80;37;78;75;60;75;44;44;43;10;6;7;6;6;LM;ST;80;Brazil;Arsenal;21
52;Jude Victor William Bellingham;66;77;69;84;71;85;68;49;82;84;78;73;81;84;79;78;77;89;74;74;85;80;77;84;56;79;79;78;76;14;11;10;5;8;LDM;CM;85;England;Borussia Dortmund;19
53;Malo Gusto;77;44;57;71;52;73;73;36;62;73;85;88;74;71;77;60;68;83;65;46;74;67;71;64;45;72;65;72;73;10;6;14;8;11;RWB;RWB;76;France;Olympique Lyonnais;19
54;Alejandro Balde Martínez;72;51;61;77;32;75;56;28;65;76;88;86;80;70;74;53;45;73;63;39;47;66;63;72;41;64;63;70;70;5;8;7;10;13;SUB;LM;75;Spain;FC Barcelona;18
55;Diogo Meireles Costa;13;6;11;39;8;18;10;10;44;30;30;36;36;79;35;59;58;25;63;9;23;18;18;61;14;44;19;13;11;79;77;79;79;85;GK;GK;81;Portugal;Porto;22
56;Piero Martín Hincapié Reyna;55;40;76;78;29;70;56;32;74;73;79;86;73;74;65;50;80;74;74;27;76;77;55;53;33;76;76;79;84;9;15;10;6;9;LCB;CB;79;Ecuador;Bayer 04 Leverkusen;20
57;Cristian Gabriel Romero;42;48;83;74;52;59;54;38;64;68;75;72;67;82;68;51;85;72;82;36;90;82;43;41;40;80;86;86;85;5;7;11;10;14;RCB;CB;86;Argentina;Tottenham Hotspur;24
58;Kenneth Ina Dorothea Taylor;74;68;55;78;62;76;75;75;78;77;84;69;76;71;69;75;49;70;67;70;68;64;73;78;56;77;66;66;63;9;12;10;6;7;LCM;CAM;77;Netherlands;Ajax;20
59;Iyenoma Destiny Udogie;76;64;64;74;58;76;59;51;64;78;86;89;80;70;70;71;62;79;75;59;68;68;69;60;46;64;66;73;65;8;14;11;10;14;LM;LWB;76;Italy;Udinese;19
60;César Jasib Montes Castro;41;43;80;73;31;60;62;37;76;68;66;58;75;76;51;55;84;78;78;35;78;77;56;65;48;75;80;80;76;9;10;5;5;13;RCB;CB;80;Mexico;;25
61;Diogo Meireles Costa;13;6;11;39;8;18;10;10;44;30;30;36;36;79;35;59;58;25;63;9;23;18;18;61;14;44;19;13;11;79;77;79;79;85;GK;GK;81;Portugal;Porto;22
62;Dominik Livaković;13;12;13;46;10;19;12;11;56;28;57;54;65;78;30;53;61;32;75;9;26;21;11;60;15;64;24;20;21;80;76;71;77;87;GK;GK;80;Croatia;Dinamo Zagreb;27
63;Chukwunonso Tristan Madueke;65;72;42;71;67;85;75;63;64;81;92;89;84;74;80;73;76;64;64;72;53;31;67;69;61;71;42;32;37;5;13;6;12;15;SUB;CAM;78;England;PSV;20
64;Nicholas Williams Arthuer;73;75;68;72;58;83;69;57;59;76;92;92;90;68;80;73;66;68;61;68;36;40;68;62;62;69;36;20;18;9;13;12;12;14;RM;RM;77;Spain;Athletic Club;19
65;Marcos Javier Acuña;87;66;60;84;68;87;88;75;78;87;77;76;83;84;90;82;63;91;82;81;84;80;81;82;76;87;81;85;84;8;14;13;13;14;SUB;LB;85;Argentina;Sevilla;30
66;Antoine Griezmann;82;82;83;82;84;84;87;85;80;85;79;78;89;85;83;82;88;85;64;83;73;52;88;85;79;89;45;56;52;14;8;14;13;14;SUB;CAM;84;France;Atlético Madrid;31
67;Lautaro Javier Martínez;58;88;84;76;90;84;78;54;73;86;86;80;86;89;89;80;89;80;84;76;90;45;86;80;74;86;55;31;44;11;8;8;8;13;LS;ST;88;Argentina;Inter;24
68;Darwin Gabriel Núñez Ribeiro;67;83;76;69;79;76;75;61;60;77;88;91;78;85;67;86;76;89;87;75;78;41;85;71;78;83;36;39;33;14;10;12;10;13;LW;ST;84;Uruguay;Liverpool;23
69;Ángel Fabián Di María Hernández;85;74;51;85;78;88;92;88;80;89;80;79;91;83;75;83;70;74;61;84;73;42;82;89;73;87;41;55;52;10;7;11;12;11;SUB;CAM;85;Argentina;Juventus;34
70;Jules Koundé;45;47;80;81;32;72;42;26;75;74;85;83;71;85;74;48;88;76;80;40;75;86;47;62;43;82;85;85;83;11;10;8;14;13;RB;CB;85;France;FC Barcelona;23
71;Maxence Lacroix;35;29;74;72;28;66;37;26;66;68;85;89;64;78;55;46;80;67;82;27;74;80;32;50;38;80;79;78;75;14;7;12;12;11;SUB;CB;79;France;VfL Wolfsburg;22
72;Karim-David Adeyemi;63;77;62;69;71;78;67;62;64;75;94;92;88;69;81;76;88;74;72;74;51;23;74;68;73;71;18;19;25;12;12;7;12;7;SUB;ST;77;Germany;Borussia Dortmund;20
73;Micky van de Ven;58;37;76;65;47;63;37;34;69;67;72;89;59;68;49;48;66;68;84;51;72;70;48;46;39;68;68;73;75;7;13;13;11;7;LCB;CB;75;Netherlands;VfL Wolfsburg;21
74;Ibrahima Konaté;38;29;79;75;28;67;32;27;69;69;68;85;60;75;54;45;75;65;87;31;80;82;37;51;41;74;80;85;79;9;7;9;9;15;SUB;CB;83;France;Liverpool;23
75;Vinícius José Paixão de Oliveira Júnior;72;84;50;75;72;92;77;62;73;89;95;95;94;82;83;76;75;84;62;76;58;26;82;75;65;79;32;25;18;5;7;7;7;10;LW;LW;86;Brazil;Real Madrid;21
76;Pedro António Pereira Gonçalves;75;84;40;83;79;83;79;72;78;84;77;76;83;84;87;78;43;83;58;79;64;69;84;82;77;86;57;61;48;15;11;15;7;8;LW;CAM;84;Portugal;Sporting CP;24
77;Rodrygo Silva de Goes;74;80;62;77;67;84;80;73;64;83;88;88;87;78;85;73;74;81;52;74;54;21;79;73;81;82;25;36;32;9;8;12;8;5;SUB;RM;82;Brazil;Real Madrid;21
78;Mohammed Kudus;59;75;52;76;68;80;64;48;73;81;91;85;85;72;92;78;77;77;75;67;68;59;77;75;64;76;60;66;46;6;12;7;7;10;SUB;CAM;79;Ghana;Ajax;21
79;Khéphren Thuram-Ulien;68;73;76;79;55;78;72;56;78;79;75;74;71;78;69;74;74;79;80;69;70;76;77;77;59;78;76;76;72;7;9;14;11;9;LCM;CM;80;France;Nice;21
80;Antony Matheus dos Santos;79;76;45;76;67;85;84;74;62;88;95;88;92;77;85;75;57;81;62;78;79;50;76;79;66;82;49;45;31;9;10;14;8;13;RW;CAM;84;Brazil;Manchester United;22
81;Junior Castello Lukeba;59;41;73;76;42;69;54;26;72;71;71;78;69;76;64;55;75;72;75;38;72;76;44;67;39;76;76;79;76;8;10;14;11;13;LCB;CB;78;France;Olympique Lyonnais;19
82;Nicolas Thierry Raskin;68;57;66;75;58;72;69;67;73;74;69;67;77;71;77;71;80;82;68;68;82;68;54;72;58;70;63;70;62;14;14;13;11;7;RCM;CM;74;Belgium;Standard Liège;21
83;Pedro González López;68;68;50;87;56;87;79;62;85;88;82;76;88;85;90;66;65;88;73;67;62;72;77;88;53;87;68;73;63;12;7;11;8;8;LCM;CM;86;Spain;FC Barcelona;19
84;Neymar da Silva Santos Júnior;83;83;63;85;86;95;88;87;81;94;88;86;93;88;82;79;62;79;52;81;63;37;86;90;91;93;35;32;29;9;9;15;15;11;CAM;LW;89;Brazil;Paris Saint Germain;30
85;Francisco Román Alarcón Suárez;78;75;55;81;67;91;88;76;80;90;68;62;79;75;88;69;60;58;58;78;57;61;77;83;74;82;58;64;51;10;8;12;15;6;CAM;CAM;82;Spain;Sevilla;30
86;José Diogo Dalot Teixeira;78;52;73;79;44;81;80;52;70;77;80;84;77;77;71;79;86;83;76;68;81;75;77;74;47;76;74;77;77;10;6;10;6;8;RB;RB;80;Portugal;Manchester United;23
87;Sandro Tonali;78;69;70;84;68;75;75;81;81;83;78;83;81;82;83;79;65;85;81;81;84;81;75;78;64;84;81;81;75;13;9;8;7;7;LCM;CDM;84;Italy;Milan;22
88;Jurriën David Norman Timber;60;41;71;80;41;76;44;31;70;78;78;83;73;78;74;58;85;81;82;46;76;82;63;64;42;85;83;83;77;6;6;8;14;14;RCB;CB;82;Netherlands;Ajax;21
89;Luka Romero;66;53;25;65;55;71;53;56;64;70;79;72;86;66;84;56;51;67;41;51;40;28;61;64;60;60;40;31;30;14;11;9;12;11;SUB;LM;69;Argentina;Lazio;17
90;Roony Bardghji;54;61;22;58;55;71;56;49;48;68;77;74;90;52;88;63;52;62;38;57;45;25;62;62;51;65;25;24;24;8;14;13;14;14;SUB;CAM;66;Sweden;København;16
91;Theo Bernard François Hernández;84;69;74;79;66;83;69;64;68;79;92;94;78;85;76;83;68;90;81;72;82;78;80;73;50;80;74;81;80;12;10;7;7;7;LB;LWB;86;France;Milan;24
92;Nicolò Zaniolo;64;75;64;79;60;82;65;60;68;85;89;86;79;77;76;79;65;75;87;71;89;60;86;76;60;74;64;63;58;8;11;11;13;5;LF;CAM;82;Italy;Roma;22
93;Moussa Diaby;76;80;28;80;67;88;71;42;73;85;95;92;92;76;93;73;62;82;44;64;67;48;79;77;48;75;48;35;46;8;9;8;8;14;RW;RM;84;France;Bayer 04 Leverkusen;22
94;Gavin Okeroghene Bazunu;11;5;11;45;7;12;14;12;51;20;49;43;54;65;42;55;79;16;50;5;16;9;8;60;15;38;16;12;11;72;68;73;68;74;GK;GK;71;Republic of Ireland;Southampton;20
95;Harvey Elliott;74;64;40;75;58;79;61;57;70;79;82;72;87;72;87;62;40;70;37;63;36;38;72;78;59;73;37;40;32;10;10;6;14;7;RCM;CAM;77;England;Liverpool;19
96;Gonçalo Bernardo Inácio;30;23;77;78;45;49;29;27;76;73;78;81;65;77;55;67;72;76;78;28;77;78;48;68;40;75;81;82;79;6;6;7;10;7;RCB;CB;81;Portugal;Sporting CP;20
97;Milos Kerkez;70;44;62;66;52;69;54;42;56;67;85;82;82;68;80;52;64;87;63;50;71;62;60;65;46;63;64;64;68;8;13;10;13;13;LWB;LB;72;Hungary;AZ;18
98;Máximo Perrone;49;54;57;75;50;74;55;35;73;77;69;65;76;61;72;59;49;80;58;52;52;68;65;71;44;63;70;67;65;11;10;15;9;11;LCM;CM;73;Argentina;Vélez Sarsfield;19
99;Bukayo Saka;81;78;45;80;70;86;80;69;65;83;88;82;84;82;85;72;54;80;58;69;66;68;82;82;70;79;65;69;67;7;8;13;9;13;RM;LM;84;England;Arsenal;20
100;Andreas Rædergård Schjelderup;60;69;39;67;54;77;60;59;56;72;81;74;83;65;87;58;51;66;49;61;47;35;67;68;69;71;35;35;35;13;10;10;15;11;LW;CAM;72;Norway;Nordsjælland;18
101;Gonzalo Ariel Montiel;74;56;71;74;41;73;59;39;66;74;84;83;82;76;75;65;80;93;72;59;87;78;77;70;75;75;76;75;74;6;10;11;5;6;RB;RWB;80;Argentina;Sevilla;25
102;Boubacar Bernard Kamara;64;47;72;77;28;71;59;47;75;77;69;70;68;74;66;67;79;82;76;63;84;86;52;72;63;84;78;82;80;8;12;8;6;11;LDM;CDM;81;France;Aston Villa;22
103;Emmanuel Kouadio Koné;70;71;68;78;55;84;70;50;77;82;75;67;76;75;76;74;70;75;73;68;71;67;69;78;54;76;64;74;70;11;10;11;9;10;LDM;CAM;79;France;Borussia Mönchengladbach;21
104;Moisés Isaac Caicedo Corozo;52;57;52;75;52;67;51;54;68;71;75;71;70;63;76;72;78;79;62;70;71;76;65;68;54;72;74;74;72;15;6;13;9;13;LDM;CDM;74;Ecuador;Brighton & Hove Albion;20
105;Florian Richard Wirtz;77;78;39;82;68;86;76;54;82;88;76;79;85;80;82;67;52;79;50;70;63;45;78;85;60;80;55;57;44;14;14;13;6;10;RES;CAM;84;Germany;Bayer 04 Leverkusen;19
106;Valentino Livramento;68;47;55;73;41;74;64;51;57;72;82;83;78;72;79;47;66;74;62;46;70;75;60;57;41;66;67;74;71;10;12;8;13;13;SUB;RB;75;England;Southampton;19
107;Sofiane Boufal;72;71;38;79;72;86;76;64;70;80;81;77;87;69;85;71;35;60;57;68;51;23;76;79;72;73;18;42;35;9;16;10;14;7;LS;CAM;78;Morocco;Angers SCO;28
108;Wesley Fofana;39;29;74;70;40;61;39;38;66;67;69;80;61;76;58;48;78;67;80;37;79;84;42;47;48;70;79;82;80;14;12;9;14;6;RES;CB;81;France;Chelsea;21
109;Anssumane Fati;69;82;66;73;69;82;75;73;69;80;90;87;89;77;82;74;75;63;48;72;48;19;80;74;74;82;23;32;28;6;9;8;10;7;SUB;CAM;80;Spain;FC Barcelona;19
110;Armando Broja;40;77;69;65;64;78;53;36;47;76;69;84;68;73;63;80;62;69;83;61;67;20;76;58;74;72;23;33;23;9;7;15;8;9;SUB;ST;77;Albania;Chelsea;20
111;Romeo Lavia;40;36;58;72;36;67;60;50;63;72;70;66;70;63;63;59;59;64;65;36;66;58;40;60;51;69;60;66;68;7;7;5;11;13;LDM;CDM;67;Belgium;Southampton;18
112;Luka Modrić;86;72;55;91;76;85;85;78;92;90;76;70;91;88;92;79;67;83;58;82;62;80;78;90;83;92;70;75;72;13;9;7;14;9;RCM;CM;88;Croatia;Real Madrid;36
113;Dayotchanculle Oswald Upamecano;48;39;82;77;27;69;32;28;72;70;74;89;63;78;67;60;87;65;88;40;85;76;47;58;39;71;79;84;84;6;7;8;15;9;RCB;CB;84;France;FC Bayern München;23
114;Jamie Bynoe-Gittens;59;64;42;63;59;78;59;42;43;74;86;79;86;59;82;56;71;56;52;45;38;24;58;54;53;49;20;22;24;6;5;12;7;8;SUB;RM;68;England;Borussia Dortmund;17
115;Frenkie de Jong;78;72;72;91;70;87;84;64;89;89;80;83;87;88;79;68;76;89;74;66;74;82;77;88;53;90;76;76;77;7;13;10;10;9;RCM;CM;89;Netherlands;FC Barcelona;25
116;Obite Evan N'Dicka;68;45;82;78;33;74;59;30;76;78;74;84;54;82;55;65;82;76;81;54;78;79;68;73;33;82;82;83;77;13;8;7;8;8;LCB;CB;83;France;Eintracht Frankfurt;22
117;Calvin Bassey Ughelumba;71;36;73;69;49;70;63;37;64;70;79;89;70;66;78;64;80;90;88;36;76;71;60;58;44;66;72;76;73;9;7;5;8;7;LCB;CB;77;Nigeria;Ajax;22
118;Mohamed-Ali Cho;61;72;65;74;52;81;43;50;50;76;83;79;71;65;68;70;59;60;63;65;33;21;74;68;64;63;23;22;20;9;6;6;7;7;SUB;CAM;75;France;Real Sociedad;18
119;Pablo Torre Carral;67;58;41;74;46;65;73;74;70;73;76;72;76;64;81;56;55;72;48;67;44;36;62;71;62;66;39;48;46;15;10;15;10;9;SUB;CAM;71;Spain;FC Barcelona;19
120;Frenkie de Jong;78;72;72;91;70;87;84;64;89;89;80;83;87;88;79;68;76;89;74;66;74;82;77;88;53;90;76;76;77;7;13;10;10;9;RCM;CM;89;Netherlands;FC Barcelona;25
121;Bruno Guimarães Rodriguez Moura;68;68;61;85;66;82;77;62;84;84;68;69;74;84;78;66;62;86;79;70;77;79;76;85;65;85;79;81;77;7;11;15;11;11;CM;CM;85;Brazil;Newcastle United;24
122;Raphaël Varane;42;46;85;78;42;61;46;52;77;75;77;84;62;84;39;52;80;65;87;53;78;84;55;59;43;82;86;86;83;11;11;9;5;14;RCB;CB;85;France;Manchester United;29
123;Youri Tielemans;81;74;67;89;79;78;84;78;88;85;58;54;65;83;76;87;65;85;69;87;68;70;78;86;76;85;68;72;68;6;8;10;14;12;RCM;CM;86;Belgium;Leicester City;25
124;Calvin Bassey Ughelumba;71;36;73;69;49;70;63;37;64;70;79;89;70;66;78;64;80;90;88;36;76;71;60;58;44;66;72;76;73;9;7;5;8;7;LCB;CB;77;Nigeria;Ajax;22
125;Youssouf Fofana;66;64;58;78;46;77;66;56;77;78;68;68;70;77;75;76;59;83;75;69;77;78;74;77;64;76;74;80;74;12;7;12;5;9;RDM;CDM;80;France;Monaco;23
126;Charles De Ketelaere;74;78;75;77;76;83;73;72;77;83;73;77;78;76;64;77;69;83;75;74;57;61;77;79;67;79;45;61;57;11;8;14;8;8;SUB;CAM;81;Belgium;Milan;21
127;Facundo Hernán Farías;64;69;63;73;71;83;69;49;72;80;91;82;90;72;91;82;57;73;69;70;72;29;75;69;74;80;33;43;37;6;13;6;6;13;SUB;CAM;78;Argentina;Colón;19
128;Carney Chibueze Chukwuemeka;53;66;46;71;52;72;55;46;67;72;67;63;57;55;75;56;50;50;61;46;58;47;66;69;58;69;50;49;54;12;12;9;11;10;SUB;CAM;69;England;Chelsea;18
129;Christian Pulisic;74;74;50;77;70;88;70;58;59;85;91;84;87;78;88;77;79;72;54;57;45;33;79;80;61;80;38;32;47;8;12;13;16;14;SUB;RM;83;United States;Chelsea;23
130;Achraf Hakimi Mouh;84;75;68;81;74;79;77;74;73;82;91;93;82;81;78;80;79;92;72;73;75;78;78;77;60;72;75;76;76;10;8;14;6;8;RB;RB;84;Morocco;Paris Saint Germain;23
131;Kai Lukas Havertz;74;81;80;84;80;85;84;53;79;85;76;85;76;84;75;76;75;77;69;78;52;38;82;82;73;84;39;46;38;6;8;11;10;12;ST;CAM;86;Germany;Chelsea;23
132;Davide Frattesi;67;73;61;82;68;80;68;65;77;85;80;78;74;76;74;75;71;77;63;65;72;60;74;80;64;74;65;69;68;5;10;8;11;10;RCM;CAM;81;Italy;Sassuolo;22
133;Borna Sosa;88;41;64;74;44;79;79;55;72;79;78;79;73;79;68;70;67;78;68;65;65;71;67;78;31;75;73;76;69;10;6;6;8;9;LWB;LWB;79;Croatia;VfB Stuttgart;24
134;Amadou Zeund Georges Ba Mvom Onana;61;57;67;76;51;73;58;42;74;75;68;78;63;72;50;72;67;75;80;58;71;72;65;70;40;70;69;75;75;7;12;12;9;10;LCM;CDM;76;Belgium;Everton;20
135;Sepe Elye Wahi;61;78;64;70;73;77;63;58;57;76;84;81;79;74;71;76;76;70;69;74;57;28;77;66;64;72;25;29;23;13;7;5;12;14;ST;ST;77;France;Montpellier;19
136;Noah Mbamba;31;18;64;67;23;65;25;28;62;66;67;76;67;53;63;53;77;65;74;50;68;57;44;59;26;60;58;65;63;12;11;11;14;6;SUB;CB;66;Belgium;Club Brugge;17
137;Martin Ødegaard;84;75;52;88;76;85;83;85;84;85;78;75;85;74;83;76;46;81;56;77;63;65;79;87;63;78;65;49;51;14;15;15;8;10;CAM;CAM;86;Norway;Arsenal;23
138;Benjamin White;55;22;74;80;21;72;45;20;79;76;70;72;63;80;55;50;79;76;76;25;78;83;39;69;24;80;82;82;80;8;11;12;5;6;RB;CB;82;England;Arsenal;24
139;Victor James Osimhen;62;88;80;72;76;78;63;48;53;80;86;93;78;84;68;79;90;81;85;72;69;34;85;69;75;79;36;43;19;14;14;10;9;6;ST;ST;85;Nigeria;Napoli;23
140;Nicolò Rovella;67;52;52;81;68;75;74;71;79;79;75;79;79;72;77;72;67;87;59;76;78;72;68;76;60;74;72;77;75;9;12;11;9;10;RCM;CM;79;Italy;Monza;20
141;Fábio Leandro Carvalho;60;73;43;73;61;76;65;53;66;78;80;77;82;71;86;66;59;67;48;65;42;39;75;71;49;73;49;49;32;14;5;8;10;10;SUB;CAM;76;Portugal;Liverpool;19
142;Wassim Keddari Boulif;29;36;66;62;25;50;33;23;58;58;65;58;56;64;52;44;82;65;68;33;63;64;31;55;39;52;66;66;64;10;11;6;9;15;RES;CB;67;Spain;Espanyol;17
143;Zlatan Ibrahimović;71;84;82;77;87;75;79;74;72;85;55;61;67;77;51;86;77;34;85;85;84;20;88;83;80;90;28;37;24;13;15;10;9;12;SUB;ST;82;Sweden;Milan;40
144;Olivier Giroud;64;86;91;78;86;69;71;65;60;85;41;43;54;84;53;86;82;55;90;69;76;42;87;78;90;85;37;37;20;12;15;11;6;5;ST;ST;82;France;Milan;35
145;Granit Xhaka;73;65;62;85;50;70;76;77;85;82;48;50;49;74;61;90;33;85;79;78;91;71;72;78;65;69;73;74;70;7;8;11;7;13;LDM;CDM;81;Switzerland;Arsenal;29
146;Leandro Daniel Paredes;77;52;56;85;71;81;83;78;85;85;67;67;69;76;75;86;65;75;77;76;87;76;64;86;64;84;78;77;79;9;14;6;9;10;SUB;CM;80;Argentina;Juventus;28
147;Yassine Bounou;15;14;14;39;13;20;12;19;44;12;38;36;47;83;29;57;48;43;69;19;25;12;10;62;24;57;20;18;15;83;83;76;84;86;GK;GK;84;Morocco;Sevilla;31
148;Adrien Rabiot;75;66;73;83;69;79;69;59;81;83;73;79;69;80;69;86;79;87;83;75;69;78;78;78;69;80;78;81;73;9;12;9;7;15;RCM;CM;81;France;Juventus;27
149;Federico Chiesa;75;80;50;78;80;89;78;62;72;82;91;91;88;86;81;86;53;85;70;84;69;30;84;77;62;81;65;44;44;6;7;8;9;7;SUB;RM;86;Italy;Juventus;24
150;Dominik Szoboszlai;81;75;58;81;82;81;90;87;79;83;78;77;77;76;63;87;69;74;69;87;40;32;74;80;79;80;35;30;25;10;10;13;10;6;LW;CAM;82;Hungary;RB Leipzig;21
151;Alan Javier Franco;38;28;75;71;35;67;31;35;60;65;64;55;59;73;65;50;74;80;79;28;72;73;39;55;42;72;71;70;67;6;8;12;7;13;LCB;CB;74;Argentina;Atlanta United;25
152;Felipe Ignacio Carballo Ares;60;65;69;77;55;70;64;64;70;75;65;72;71;74;70;70;71;80;71;72;65;68;68;71;58;65;62;70;58;5;14;6;13;10;LCM;CM;75;Uruguay;Nacional;25
153;Nicola Zalewski;72;58;45;75;59;78;64;57;63;76;85;86;75;68;75;72;57;71;45;46;57;50;71;69;63;63;59;57;52;10;5;7;8;15;LM;RM;76;Poland;Roma;20
154;Iker Bravo Solanilla;42;72;68;54;52;68;48;54;43;65;68;69;66;57;63;66;73;56;60;62;45;18;61;55;60;47;20;17;17;6;6;7;6;15;RES;ST;67;Spain;Real Madrid;17
155;Mathys Tel;56;62;55;63;62;73;60;52;55;70;78;76;73;58;74;76;61;50;67;67;44;17;61;60;56;65;21;26;31;12;9;15;7;11;SUB;CAM;68;France;FC Bayern München;17
156;Kevin De Bruyne;94;85;55;93;83;87;89;83;93;90;76;73;76;91;78;92;63;89;74;91;75;64;88;94;83;89;65;65;53;15;13;5;10;13;RCM;CM;91;Belgium;Manchester City;31
157;Agustín Daniel Rossi;17;14;19;35;17;21;29;21;33;26;39;43;35;79;37;54;62;35;76;19;24;25;16;52;23;53;27;21;17;80;76;72;79;80;GK;GK;79;Argentina;Boca Juniors;26
158;Alphonso Boyle Davies;85;64;72;82;59;87;72;44;67;84;96;93;86;84;84;74;78;81;75;63;77;78;77;77;58;78;76;77;71;11;11;6;5;14;LB;LM;85;Canada;FC Bayern München;21
159;Alessandro Bastoni;70;26;82;78;35;70;53;36;78;76;68;77;58;86;57;49;75;81;82;37;84;85;39;57;47;82;87;87;82;11;5;9;11;12;LCB;CB;86;Italy;Inter;23
160;Pedro Antonio Porro Sauceda;82;68;68;75;60;81;78;67;74;83;80;84;78;78;71;83;59;91;74;75;74;76;80;77;66;78;74;78;75;15;7;14;5;7;RWB;RWB;82;Spain;Sporting CP;22
161;Nico Schlotterbeck;48;49;85;75;51;72;49;35;79;71;77;76;68;81;66;75;78;73;82;60;81;82;56;67;38;76;82;86;80;8;10;8;14;13;LCB;CB;84;Germany;Borussia Dortmund;22
162;Arnau Martínez López;75;46;65;72;35;72;66;40;64;74;78;76;75;72;67;56;67;75;66;45;66;68;55;52;50;63;68;70;69;10;7;7;10;9;RWB;RWB;74;Spain;Girona;19
163;Alex Scott;66;61;51;72;53;74;66;63;69;70;75;72;84;62;83;63;60;74;60;58;56;57;62;69;52;72;59;63;60;9;10;15;12;8;RCM;CAM;71;England;Bristol City;18
164;Matías Soulé;74;58;49;76;69;81;79;73;66;81;77;75;79;50;77;66;59;67;34;72;33;19;50;56;69;54;28;31;29;15;8;11;15;14;SUB;LM;72;Argentina;Juventus;19
165;Raheem Sterling;78;81;46;81;67;85;79;72;67;83;94;86;94;89;93;78;57;78;65;79;59;30;90;80;70;77;47;53;47;15;12;12;15;9;LW;LW;85;England;Chelsea;27
166;Ivan Toney;62;82;79;74;77;71;61;64;60;77;75;81;78;78;70;82;90;82;81;68;83;49;80;72;91;80;45;50;42;16;8;8;7;8;ST;ST;81;England;Brentford;26
167;Marcus Rashford;74;80;68;76;73;84;82;76;71;82;83;90;82;81;74;92;76;72;71;78;69;39;80;76;85;75;40;38;33;11;6;15;7;14;ST;CAM;83;England;Manchester United;24
168;Youssef En-Nesyri;48;82;86;70;76;76;63;56;58;78;78;83;67;80;40;83;92;78;76;75;76;31;82;52;70;74;27;31;27;13;9;14;9;13;SUB;ST;82;Morocco;Sevilla;25
169;Kouassi Ryan Sessegnon;78;68;55;76;55;77;73;31;65;78;84;80;79;74;78;67;66;75;60;55;67;71;77;75;61;76;71;73;65;6;11;7;8;7;SUB;LM;78;England;Tottenham Hotspur;22
170;Noussair Mazraoui;79;69;65;83;56;83;69;42;76;84;83;84;86;78;69;68;69;88;70;61;69;80;84;77;44;79;75;78;80;12;7;13;12;12;SUB;RM;83;Morocco;FC Bayern München;24
171;Quinten Ryan Crispito Timber;61;58;56;76;47;81;68;43;72;78;81;77;80;76;79;69;80;81;79;61;78;70;66;72;57;75;67;73;70;5;8;12;11;8;RCM;CAM;76;Netherlands;Feyenoord;21
172;Alan Agustín Velasco;70;65;55;70;59;82;75;67;68;77;87;79;91;71;90;73;57;73;52;72;69;52;72;71;56;81;45;60;52;8;7;12;10;7;SUB;CAM;76;Argentina;Dallas;19
173;Pierre Kazeye Rommel Kalulu Kyatengwa;70;43;75;78;44;64;65;44;65;74;77;83;69;77;69;66;76;72;75;51;77;77;60;59;49;77;78;82;78;12;5;13;9;11;RB;CB;80;France;Milan;22
174;Martin Baturina;67;58;49;73;67;80;64;69;70;79;77;72;76;63;75;71;60;73;56;72;64;57;55;73;63;77;58;58;57;7;5;7;10;6;SUB;CAM;73;Croatia;Dinamo Zagreb;19
175;Nuno Alexandre Tavares Mendes;78;45;68;77;54;77;66;59;70;79;90;89;81;78;82;80;70;80;69;63;73;74;73;70;45;75;73;78;74;7;8;8;12;15;LB;LB;80;Portugal;Paris Saint Germain;20
176;Kamaldeen Sulemana;66;72;42;70;62;80;70;50;58;79;92;93;89;62;88;70;77;70;60;65;52;26;68;68;56;75;30;25;25;6;13;7;12;14;SUB;RM;76;Ghana;Rennes;20
177;Devyne Fabian Jairo Rensch;63;60;67;74;42;72;48;38;65;73;76;77;75;70;72;57;76;76;64;50;72;71;73;64;42;67;70;73;73;10;8;9;13;7;RB;RB;74;Netherlands;Ajax;19
178;Kayky da Silva Chagas;57;64;38;60;50;73;45;39;55;71;83;75;83;49;76;62;46;60;43;40;31;22;61;63;64;58;24;30;31;14;14;14;13;12;SUB;LM;67;Brazil;Paços de Ferreira;19
179;Giorgi Mamardashvili;13;9;14;15;7;11;11;10;15;22;48;48;35;60;26;56;53;45;74;7;25;8;8;34;11;26;5;12;10;79;78;74;79;80;GK;GK;78;Georgia;Valencia;21
180;Youssef En-Nesyri;48;82;86;70;76;76;63;56;58;78;78;83;67;80;40;83;92;78;76;75;76;31;82;52;70;74;27;31;27;13;9;14;9;13;SUB;ST;82;Morocco;Sevilla;25
181;Sergio Gómez Martín;77;67;47;74;69;76;75;76;69;75;76;65;85;73;83;72;71;76;58;70;68;73;72;76;78;73;70;72;70;11;7;9;11;10;SUB;CAM;76;Spain;Manchester City;21
182;Jonathan Christian David;67;82;72;77;73;78;58;58;69;78;81;85;75;76;70;77;86;83;77;74;37;33;82;73;75;81;29;29;19;7;7;11;7;7;ST;ST;81;Canada;Lille;22
183;Armel Bella Kotchap;31;20;72;66;24;39;22;22;64;60;77;86;60;63;63;40;77;65;86;20;66;77;29;46;33;57;71;77;72;12;14;5;8;13;RCB;CB;76;Germany;Southampton;20
184;Quinten Ryan Crispito Timber;61;58;56;76;47;81;68;43;72;78;81;77;80;76;79;69;80;81;79;61;78;70;66;72;57;75;67;73;70;5;8;12;11;8;RCM;CAM;76;Netherlands;Feyenoord;21
185;Nuno Alexandre Tavares Mendes;78;45;68;77;54;77;66;59;70;79;90;89;81;78;82;80;70;80;69;63;73;74;73;70;45;75;73;78;74;7;8;8;12;15;LB;LB;80;Portugal;Paris Saint Germain;20
186;Alan Agustín Velasco;70;65;55;70;59;82;75;67;68;77;87;79;91;71;90;73;57;73;52;72;69;52;72;71;56;81;45;60;52;8;7;12;10;7;SUB;CAM;76;Argentina;Dallas;19
187;Allan Saint-Maximin;73;72;53;76;66;92;76;58;64;83;91;89;93;78;89;82;73;77;73;70;43;20;76;75;58;83;29;21;23;10;9;12;7;7;SUB;CAM;82;France;Newcastle United;25
188;Rúben Diogo da Silva Neves;80;65;53;88;82;75;85;81;88;82;63;55;68;81;73;85;66;79;67;82;84;81;62;87;76;88;78;79;77;16;12;10;8;10;CDM;CM;84;Portugal;Wolverhampton Wanderers;25
189;Marcos Llorente Moreno;74;80;67;86;66;82;75;63;81;84;85;90;82;84;68;84;69;90;77;77;82;81;83;84;65;82;79;79;74;13;6;6;11;15;RM;CM;84;Spain;Atlético Madrid;27
190;Akram Hassan Afif;72;74;48;75;69;79;76;59;70;75;87;87;81;68;72;70;69;72;51;65;37;27;73;69;76;78;28;36;28;7;14;8;5;10;LW;LW;76;Qatar;;25
191;Carlos Uriel Antuna Romero;65;77;43;69;55;80;57;48;58;72;93;92;92;67;77;74;63;81;42;66;42;35;77;63;54;71;24;31;32;10;13;14;9;11;SUB;RM;76;Mexico;;24
192;Felipe Ignacio Carballo Ares;60;65;69;77;55;70;64;64;70;75;65;72;71;74;70;70;71;80;71;72;65;68;68;71;58;65;62;70;58;5;14;6;13;10;LCM;CM;75;Uruguay;Nacional;25
193;Addji Keaninkin Marc-Israel Guéhi;35;42;76;74;32;65;42;32;73;70;67;77;67;80;65;49;70;70;79;26;73;79;35;54;38;74;81;79;78;8;9;11;12;12;LCB;CB;80;England;Crystal Palace;21
194;Illan Meslier;18;11;15;50;9;20;12;10;50;35;37;40;42;74;25;53;42;40;53;17;27;19;8;61;11;67;22;17;19;79;76;71;72;81;GK;GK;77;France;Leeds United;22
195;Christopher Jeffrey Richards;49;23;77;71;26;47;35;24;65;62;67;78;61;68;60;36;90;65;76;22;66;72;38;51;37;61;70;78;76;13;5;13;7;6;SUB;CB;76;United States;Crystal Palace;22
196;Vítor Machado Ferreira;71;66;39;85;62;82;62;61;83;84;76;70;90;74;84;69;56;75;45;71;53;73;72;80;73;82;68;72;68;12;13;8;5;5;LCM;CAM;81;Portugal;Paris Saint Germain;22
197;Luca Netz;76;46;57;69;32;68;52;53;61;69;75;77;72;68;71;53;63;60;60;38;67;70;64;57;49;62;68;76;74;7;11;12;9;13;SUB;LB;73;Germany;Borussia Mönchengladbach;19
198;Anthony David Junior Elanga;67;70;67;68;62;76;70;61;45;73;90;86;83;72;75;64;86;75;52;63;42;31;73;65;56;69;35;38;33;13;5;13;8;10;SUB;RW;74;Sweden;Manchester United;20
199;Souleymane Isaak Touré;42;29;64;59;27;47;38;24;47;62;63;70;53;53;47;39;74;65;91;19;84;64;38;50;41;64;62;71;60;14;7;7;5;12;SUB;CB;70;France;Olympique Marseille;19
200;Mateus Gonçalo Espanha Fernandes;56;52;56;71;57;72;68;59;68;71;77;74;84;66;81;62;64;63;62;56;58;56;64;66;64;72;48;51;45;6;5;12;8;5;RES;CAM;70;Portugal;Sporting CP;17
201;Georginio Gregion Emile Wijnaldum;71;70;78;80;67;79;78;73;79;81;69;69;82;78;88;73;80;89;73;70;75;80;79;79;74;80;76;78;70;16;6;14;12;6;SUB;CM;80;Netherlands;Roma;31
202;Eden Michael Hazard;77;78;61;85;82;89;83;79;81;87;84;82;85;77;89;82;55;74;61;77;54;41;83;84;84;88;34;27;22;11;12;6;8;8;SUB;LW;84;Belgium;Real Madrid;31
203;Nicolás Hernán Gonzalo Otamendi;52;54;79;73;57;51;50;39;70;66;60;65;58;80;58;69;90;78;82;56;90;84;48;53;45;79;84;83;80;12;5;8;11;12;LCB;CB;81;Argentina;Benfica;34
204;손흥민 孙兴慜;83;91;68;83;79;86;87;74;74;84;85;90;85;91;76;88;60;88;64;89;62;39;91;82;73;89;47;34;33;11;13;13;6;10;LW;LW;89;Korea Republic;Tottenham Hotspur;29
205;Bruno Miguel Borges Fernandes;85;83;64;88;87;79;85;85;86;84;75;69;78;91;79;88;71;92;66;88;80;67;85;90;90;79;66;73;65;12;14;15;8;14;LCM;CAM;86;Portugal;Manchester United;27
206;Iñaki Williams Arthuer;75;77;73;74;74;81;76;58;66;76;93;94;79;82;62;85;89;87;83;77;76;25;85;73;68;81;42;34;29;14;15;14;10;13;ST;ST;81;Ghana;Athletic Club;28
207;Ismaël Bennacer;72;63;62;85;64;86;73;73;83;85;81;73;87;83;89;75;78;82;69;74;86;81;66;81;68;80;76;80;76;9;12;10;16;15;RCM;CM;83;Algeria;Milan;24
208;Benjamin Pavard;76;44;84;77;73;68;63;51;74;75;68;65;66;79;66;75;86;78;78;59;74;80;58;66;51;77;78;86;79;9;7;15;7;15;RB;CB;82;France;FC Bayern München;26
209;Lorenzo Pellegrini;74;77;74;88;74;82;74;79;85;87;79;79;80;85;82;79;70;90;74;76;74;72;80;87;82;84;73;76;73;12;7;10;13;11;RF;CAM;86;Italy;Roma;26
210;Trent Alexander-Arnold;92;62;69;87;63;78;87;85;91;86;76;76;73;83;73;82;66;89;66;75;69;83;78;90;55;82;77;82;79;14;15;14;6;7;RB;CM;88;England;Liverpool;23
211;Ousmane Dembélé;85;75;43;78;76;89;82;64;76;85;94;93;90;78;81;83;58;68;51;76;54;36;77;81;75;80;42;30;33;6;6;14;10;13;LW;LM;86;France;FC Barcelona;25
212;Lucas Tolentino Coelho de Lima;72;78;68;82;74;88;77;74;78;86;71;73;75;81;77;77;78;78;77;77;76;71;80;82;75;88;67;72;63;14;9;12;11;11;SUB;CAM;84;Brazil;West Ham United;24
213;Philip Foden;79;80;47;86;59;87;75;68;83;91;86;78;91;83;91;82;49;83;47;77;64;59;82;85;64;84;60;59;47;8;15;6;10;13;RW;CAM;88;England;Manchester City;22
214;João Félix Sequeira;77;79;69;83;83;88;83;67;76;87;83;82;88;81;84;80;76;75;62;81;68;40;84;85;68;85;30;42;35;13;12;14;13;14;LS;CAM;86;Portugal;Atlético Madrid;22
215;Brennan Price Johnson;72;76;58;67;68;78;64;43;63;74;87;89;88;65;66;70;40;78;52;67;48;23;68;71;67;70;41;42;53;14;7;13;5;13;RW;RM;76;Wales;Nottingham Forest;21
216;Luis Ismael Vázquez;52;73;76;69;52;66;60;47;60;73;70;70;73;70;65;72;76;77;73;69;55;22;77;65;68;73;26;17;16;12;5;5;6;8;SUB;ST;74;Argentina;Boca Juniors;21
217;Matteo Cancellieri;69;64;55;71;70;79;76;70;65;77;79;86;83;66;80;74;54;58;66;77;59;33;65;65;67;64;31;42;41;11;15;11;6;9;SUB;CAM;74;Italy;Lazio;19
218;Marcus Vincius Oliveira Alencar;71;64;50;69;55;76;67;45;55;77;82;77;77;67;78;61;48;64;54;59;45;33;73;68;56;66;30;32;30;6;6;12;6;12;SUB;LM;74;Brazil;Arsenal;19
219;Nathan Aké;63;48;79;77;52;68;64;59;74;74;80;72;67;77;68;64;89;71;80;56;72;80;51;66;53;77;79;82;79;10;7;7;16;10;SUB;CB;81;Netherlands;Manchester City;27
220;Joshua Walter Kimmich;91;68;72;87;69;82;85;69;90;85;77;60;84;88;84;78;79;94;68;83;89;84;80;85;44;85;85;85;78;8;15;7;15;15;RDM;CDM;89;Germany;FC Bayern München;27
221;Kingsley Junior Coman;81;76;61;80;78;88;83;70;74;87;94;90;92;86;84;83;73;69;66;73;35;23;84;81;70;78;29;27;21;5;3;5;3;5;SUB;RM;86;France;FC Bayern München;26
222;Thomas Lemar;82;77;54;84;77;88;85;81;80;86;85;81;90;82;86;79;67;80;56;79;63;77;81;85;69;80;55;76;69;11;15;13;7;14;SUB;CAM;85;France;Atlético Madrid;26
223;Rick Karsdorp;78;53;68;76;69;77;70;60;74;81;80;89;69;78;70;75;73;83;79;69;77;75;77;70;52;78;74;78;75;13;7;14;16;15;RM;RWB;80;Netherlands;Roma;27
224;Axel Arthur Disasi;25;20;77;69;36;54;45;27;64;63;46;58;31;75;34;59;72;69;92;17;78;78;23;51;36;71;79;80;75;12;8;11;8;6;RCB;CB;80;France;Monaco;24
225;Miguel Ángel Almirón Rejala;72;77;43;79;75;83;77;68;67;79;88;85;86;79;68;78;48;78;53;71;69;55;78;75;69;78;54;55;50;6;9;13;13;12;RW;RW;79;Paraguay;Newcastle United;28
226;Exequiel Alejandro Palacios;67;69;59;82;63;78;68;51;80;79;74;60;78;70;79;81;70;81;65;76;80;81;72;75;63;78;73;75;76;10;5;8;9;6;SUB;CM;80;Argentina;Bayer 04 Leverkusen;23
227;Gregor Kobel;13;10;13;39;10;24;13;12;33;34;38;51;37;82;29;56;68;30;81;10;24;14;10;59;12;66;15;15;15;84;84;74;81;88;GK;GK;84;Switzerland;Borussia Dortmund;24
228;Matthijs de Ligt;52;50;85;75;45;65;48;55;67;73;69;79;55;84;62;82;93;75;93;66;83;81;44;45;40;82;84;86;85;12;11;11;12;10;LCB;CB;87;Netherlands;FC Bayern München;22
229;Nicolás Iván González;78;79;80;80;68;85;65;42;66;85;85;88;81;76;78;69;79;76;55;59;67;39;77;69;84;76;38;46;39;10;6;9;5;8;SUB;LM;82;Argentina;Fiorentina;24
230;Santiago Tomás Giménez;60;79;78;70;63;72;64;50;66;72;75;74;72;63;70;77;82;75;84;70;78;51;75;73;81;67;55;49;32;6;14;12;6;10;SUB;ST;77;Mexico;Feyenoord;21
231;Georginio Rutter;52;77;73;66;68;80;56;45;51;76;76;78;77;72;81;74;76;66;73;69;35;12;76;62;68;71;17;26;17;6;10;14;10;10;RS;ST;77;France;TSG Hoffenheim;20
232;Pedro De la Vega;73;67;71;72;66;75;59;68;64;73;81;82;83;66;76;77;85;75;66;72;75;50;69;67;66;73;46;47;49;8;9;15;8;9;SUB;RM;74;Argentina;Lanús;21
233;Jacob Ramsey;68;76;56;77;65;81;73;54;69;78;76;75;80;77;85;79;77;79;78;73;68;69;76;75;53;77;69;73;64;14;9;8;6;12;LAM;CAM;79;England;Aston Villa;21
234;Michael Olise;75;70;36;76;58;81;77;68;74;80;83;79;91;73;87;74;51;68;46;68;66;48;69;78;67;74;52;56;46;9;11;9;10;10;SUB;CAM;79;France;Crystal Palace;20
235;Samuele Ricci;62;42;57;76;54;69;56;62;72;73;75;74;76;72;70;70;67;82;64;68;72;72;68;72;52;75;74;73;72;14;12;6;11;13;RCM;CDM;75;Italy;Torino;20
236;Hugo Ekitike;51;80;73;68;61;78;58;48;53;76;74;74;68;76;67;76;74;68;72;69;61;18;78;63;63;73;24;17;16;8;8;7;10;12;SUB;ST;78;France;Paris Saint Germain;20
237;Luka Sučić;73;66;47;74;72;76;76;74;74;77;74;76;74;69;65;74;63;73;62;76;58;56;68;75;65;70;47;50;44;15;12;10;11;7;CAM;CAM;76;Croatia;Salzburg;19
238;Sidney Raebiger;58;48;52;69;56;64;58;58;66;64;71;65;80;57;82;60;64;51;40;51;56;51;55;66;55;62;55;58;57;7;10;13;11;13;SUB;CAM;65;Germany;SpVgg Greuther Fürth;17
239;Samuel Iling-Junior;75;54;50;75;61;79;75;63;65;77;79;79;75;51;69;67;53;69;51;62;36;13;45;56;59;56;15;31;22;7;14;8;9;7;RES;LM;71;England;Juventus;18
240;Georginio Gregion Emile Wijnaldum;71;70;78;80;67;79;78;73;79;81;69;69;82;78;88;73;80;89;73;70;75;80;79;79;74;80;76;78;70;16;6;14;12;6;SUB;CM;80;Netherlands;Roma;31
241;Paul Pogba;73;74;74;87;84;89;85;82;92;87;60;72;71;77;65;90;80;65;88;84;79;62;77;90;80;85;53;67;63;5;6;2;4;3;SUB;CM;85;France;Juventus;29
242;Nathan Aké;63;48;79;77;52;68;64;59;74;74;80;72;67;77;68;64;89;71;80;56;72;80;51;66;53;77;79;82;79;10;7;7;16;10;SUB;CB;81;Netherlands;Manchester City;27
243;Bruno Miguel Borges Fernandes;85;83;64;88;87;79;85;85;86;84;75;69;78;91;79;88;71;92;66;88;80;67;85;90;90;79;66;73;65;12;14;15;8;14;LCM;CAM;86;Portugal;Manchester United;27
244;Joshua Walter Kimmich;91;68;72;87;69;82;85;69;90;85;77;60;84;88;84;78;79;94;68;83;89;84;80;85;44;85;85;85;78;8;15;7;15;15;RDM;CDM;89;Germany;FC Bayern München;27
245;Kingsley Junior Coman;81;76;61;80;78;88;83;70;74;87;94;90;92;86;84;83;73;69;66;73;35;23;84;81;70;78;29;27;21;5;3;5;3;5;SUB;RM;86;France;FC Bayern München;26
246;Thomas Lemar;82;77;54;84;77;88;85;81;80;86;85;81;90;82;86;79;67;80;56;79;63;77;81;85;69;80;55;76;69;11;15;13;7;14;SUB;CAM;85;France;Atlético Madrid;26
247;Rick Karsdorp;78;53;68;76;69;77;70;60;74;81;80;89;69;78;70;75;73;83;79;69;77;75;77;70;52;78;74;78;75;13;7;14;16;15;RM;RWB;80;Netherlands;Roma;27
248;Eden Michael Hazard;77;78;61;85;82;89;83;79;81;87;84;82;85;77;89;82;55;74;61;77;54;41;83;84;84;88;34;27;22;11;12;6;8;8;SUB;LW;84;Belgium;Real Madrid;31
249;Hakim Ziyech;88;73;52;86;74;83;90;78;89;84;78;74;83;83;78;83;33;73;58;80;73;51;81;88;67;79;44;57;41;11;7;11;8;14;SUB;RW;83;Morocco;Chelsea;29
250;Jamie Vardy;69;86;77;74;85;76;69;61;61;83;85;84;74;85;75;87;78;69;64;65;83;49;88;75;85;85;45;51;53;15;14;7;15;11;ST;ST;83;England;Leicester City;35
251;Adama Traoré Diarra;78;64;40;72;52;92;72;42;54;82;96;96;82;70;88;79;84;73;89;63;76;41;65;67;47;73;37;38;35;13;9;11;12;7;RW;RM;79;Spain;Wolverhampton Wanderers;26
252;Diogo José Teixeira da Silva;73;86;84;77;79;85;77;58;72;84;88;82;86;87;85;85;81;83;71;75;85;56;89;77;69;80;53;57;45;7;12;15;9;11;SUB;ST;86;Portugal;Liverpool;25
253;Gabriel Fernando de Jesus;74;83;78;81;79;88;76;54;66;87;87;82;92;86;90;84;81;82;74;78;82;32;88;79;75;78;45;30;28;13;8;6;6;15;ST;ST;86;Brazil;Arsenal;25
254;Exequiel Alejandro Palacios;67;69;59;82;63;78;68;51;80;79;74;60;78;70;79;81;70;81;65;76;80;81;72;75;63;78;73;75;76;10;5;8;9;6;SUB;CM;80;Argentina;Bayer 04 Leverkusen;23
255;Ibrahim Sangaré;65;61;71;79;62;76;64;62;76;75;69;64;64;77;72;81;75;85;91;64;76;84;68;74;64;84;83;82;79;7;13;11;6;7;RDM;CDM;82;Côte d'Ivoire;PSV;24
256;Tyrell Malacia;70;50;58;76;59;78;50;48;59;74;84;85;84;74;89;65;86;83;72;62;77;77;58;60;46;70;73;81;81;9;9;12;8;8;SUB;LB;79;Netherlands;Manchester United;22
257;Marc Cucurella Saseta;81;68;57;79;55;81;78;57;79;80;78;74;78;82;83;73;77;88;66;65;76;77;77;78;59;77;79;80;77;13;7;9;10;11;SUB;LWB;82;Spain;Chelsea;23
258;Maarten Vandevoordt;21;7;15;25;4;22;10;8;35;27;40;39;52;68;37;51;60;32;57;5;16;14;5;44;15;52;11;10;18;74;71;68;68;75;GK;GK;72;Belgium;Genk;20
259;이강인 Kang In Lee;73;72;65;79;75;80;77;81;75;78;76;75;82;68;87;76;33;55;59;69;67;29;72;78;70;69;26;23;28;11;12;12;8;14;LM;CAM;78;Korea Republic;Mallorca;21
260;Mohamed Salisu Abdul Karim;40;30;74;73;22;47;50;32;58;64;63;74;53;68;49;60;72;67;87;28;79;81;35;24;40;62;79;79;75;7;7;11;10;6;LCB;CB;79;Ghana;Southampton;23
261;Alexander Hartmann Bah;75;59;71;71;54;74;75;64;70;72;90;93;77;77;70;78;73;86;78;65;83;76;72;75;51;75;68;74;72;6;12;12;9;13;RB;RB;78;Denmark;Benfica;24
262;Pedro De la Vega;73;67;71;72;66;75;59;68;64;73;81;82;83;66;76;77;85;75;66;72;75;50;69;67;66;73;46;47;49;8;9;15;8;9;SUB;RM;74;Argentina;Lanús;21
263;Ryan Jiro Gravenberch;75;76;58;80;69;84;74;69;78;85;76;78;80;73;77;78;72;81;75;79;52;74;74;80;58;76;69;69;59;12;8;6;11;12;SUB;CAM;82;Netherlands;FC Bayern München;20
264;Jacob Ramsey;68;76;56;77;65;81;73;54;69;78;76;75;80;77;85;79;77;79;78;73;68;69;76;75;53;77;69;73;64;14;9;8;6;12;LAM;CAM;79;England;Aston Villa;21
265;Hugo Ekitike;51;80;73;68;61;78;58;48;53;76;74;74;68;76;67;76;74;68;72;69;61;18;78;63;63;73;24;17;16;8;8;7;10;12;SUB;ST;78;France;Paris Saint Germain;20
266;Gabriel Veron Fonseca de Souza;67;71;40;72;58;81;62;50;69;79;85;86;84;70;68;63;48;57;55;66;40;34;68;67;64;70;23;23;29;6;11;6;12;15;SUB;CAM;76;Brazil;Porto;19
267;David Datro Fofana;52;65;60;58;56;69;58;44;44;67;90;90;84;57;90;65;82;64;82;58;55;15;64;48;56;63;20;18;14;14;6;10;14;10;SUB;ST;69;Côte d'Ivoire;Molde;19
268;Dane Pharrell Scarlett;48;67;64;56;59;64;52;41;40;65;83;77;75;61;71;63;76;62;62;57;57;13;68;55;68;66;17;16;18;12;8;7;5;14;RS;ST;67;England;Portsmouth;18
269;Alessandro Fontanarosa;61;59;68;69;45;63;51;46;60;66;77;74;67;58;66;70;68;52;65;48;71;65;50;56;58;68;65;69;68;13;8;13;13;7;RES;CB;69;Italy;Inter;19
270;Enes Ünal;56;84;79;78;75;78;74;78;62;77;71;68;71;77;69;82;83;64;83;79;70;29;78;62;80;72;34;43;34;8;14;8;13;13;LS;ST;81;Turkey;Getafe;25
271;Nordi Mukiele Mulere;72;40;73;72;39;72;69;33;70;74;77;79;67;73;65;67;90;79;79;52;83;81;60;64;45;72;80;83;81;10;7;14;11;15;SUB;CB;81;France;Paris Saint Germain;24
272;Kieran Tierney;83;52;59;78;38;79;72;56;68;77;86;83;76;80;77;79;81;81;74;66;84;77;75;74;42;75;78;78;77;13;16;8;12;13;SUB;LB;81;Scotland;Arsenal;25
273;Ben Chilwell;84;58;69;80;65;79;71;67;74;81;77;75;69;81;72;74;86;86;69;47;73;76;78;75;52;75;78;80;82;10;7;14;7;10;LWB;LWB;82;England;Chelsea;25
274;Lukas Nmecha;58;79;74;76;71;77;61;48;59;80;78;86;73;77;65;80;79;78;79;71;71;37;77;68;81;71;43;33;27;9;11;11;8;6;ST;ST;80;Germany;VfL Wolfsburg;23
275;Renato Júnior Luz Sanches;72;67;61;81;68;84;69;68;79;83;85;82;84;80;90;89;84;86;83;78;84;75;74;79;68;83;73;74;65;5;12;6;13;14;SUB;CAM;83;Portugal;Paris Saint Germain;24
276;Donyell Malen;71;78;69;75;75;84;76;61;64;83;92;86;86;80;84;85;77;78;74;72;62;31;79;77;74;77;29;33;35;7;9;9;10;14;LM;ST;81;Netherlands;Borussia Dortmund;23
277;Çağlar Söyüncü;46;39;75;76;48;62;39;39;64;69;64;76;64;77;55;65;76;65;82;44;86;77;42;55;52;76;76;79;77;6;7;7;7;7;SUB;CB;80;Turkey;Leicester City;26
278;冨安 健洋;65;29;74;75;30;69;48;37;70;75;76;72;69;78;70;42;70;79;80;28;78;78;58;63;37;72;81;82;79;9;14;6;5;11;SUB;CB;80;Japan;Arsenal;23
279;Mason Mount;84;81;59;85;75;82;82;84;84;83;76;72;77;85;76;81;54;86;58;83;68;59;82;82;69;83;55;57;41;11;12;13;8;12;RW;CAM;85;England;Chelsea;23
280;Jorge Eduardo Sánchez Ramos;65;44;64;67;40;71;65;40;63;68;90;92;85;70;87;67;79;89;78;45;74;71;60;64;50;72;69;72;70;10;10;12;12;7;SUB;RB;75;Mexico;Ajax;24
281;Alexander Isak;61;79;74;75;79;85;70;65;52;86;80;85;79;79;66;81;71;68;75;76;52;29;83;76;75;77;25;21;18;7;6;9;7;11;SUB;ST;82;Sweden;Newcastle United;22
282;Florentino Ibrain Morris Luís;41;35;67;78;36;69;44;32;75;72;55;60;71;76;65;65;60;81;71;43;78;83;61;66;38;76;79;81;77;6;14;14;10;14;RCM;CDM;79;Portugal;Benfica;22
283;Ismaïla Sarr;68;75;44;69;76;82;78;60;59;79;94;94;78;75;74;82;48;73;71;78;53;17;73;68;63;78;25;16;21;14;13;7;6;9;LM;RM;78;Senegal;Watford;24
284;Christian Michael Kouamé Kouakou;63;75;77;70;66;78;52;45;58;75;78;87;77;73;68;73;85;76;71;66;71;36;78;69;61;70;34;38;32;15;13;6;7;14;LW;ST;77;Côte d'Ivoire;Fiorentina;24
285;Mattéo Elias Kenzo Guendouzi Olié;67;65;69;85;55;75;75;67;80;80;76;74;84;79;71;74;76;89;75;68;86;83;72;82;70;84;75;79;77;6;13;6;13;11;RF;CDM;83;France;Olympique Marseille;23
286;Moise Bioty Kean;48;79;76;68;72;77;69;44;46;75;83;87;79;70;79;84;79;77;81;66;57;31;81;58;65;72;40;36;30;13;8;10;7;9;SUB;ST;80;Italy;Juventus;22
287;Juan Marcos Foyth;70;43;75;76;43;69;61;47;69;77;71;73;69;76;71;56;73;73;78;42;79;79;53;65;47;67;80;82;79;8;15;7;14;9;SUB;CB;80;Argentina;Villarreal;24
288;Curtis Jones;63;64;50;78;60;80;68;51;75;81;69;68;77;74;76;74;57;76;68;73;71;67;71;76;60;80;65;68;60;6;13;7;11;7;SUB;CM;78;England;Liverpool;21
289;Andriy Lunin;15;8;12;25;12;11;14;15;26;15;39;35;36;74;25;55;56;32;61;7;22;19;11;60;19;56;22;13;11;74;71;73;75;76;SUB;GK;75;Ukraine;Real Madrid;23
290;Oihan Sancet Tirapu;57;76;71;80;69;78;60;53;70;80;75;72;78;78;57;79;57;75;76;74;56;70;77;80;70;81;45;68;60;15;11;6;15;7;RCM;CAM;80;Spain;Athletic Club;22
291;Giacomo Raspadori;54;80;69;78;76;80;69;60;58;83;85;77;77;78;86;77;60;65;54;75;59;18;81;76;76;77;24;23;21;13;14;7;7;9;SUB;CAM;80;Italy;Napoli;22
292;Talles Magno Bacelar Martins;60;64;54;65;57;79;64;44;43;84;84;81;81;69;72;68;71;65;69;44;38;24;68;66;61;74;34;46;25;8;10;12;6;12;ST;RM;73;Brazil;New York City;20
293;Leo Fuhr Hjelde;55;32;64;65;30;57;30;28;56;62;65;75;59;60;40;29;65;55;73;31;61;62;48;46;36;58;64;65;65;10;13;11;9;8;RES;CB;67;Norway;Leeds United;18
294;Carlos Jonas Alcaraz;59;67;65;70;55;80;70;72;64;74;87;82;84;65;82;72;74;70;59;67;77;43;70;64;66;67;45;45;43;12;9;14;6;7;LCM;CAM;74;Argentina;Racing Club;19
295;Josip Juranović;76;57;57;73;57;73;70;67;68;72;85;87;82;71;82;78;59;82;61;62;72;67;69;74;80;72;71;75;68;12;9;10;15;11;RB;RB;75;Croatia;Celtic;26
296;Ivan Ilić;71;68;58;80;61;79;72;63;79;81;77;75;73;71;70;80;68;73;70;76;71;70;68;78;59;71;69;71;67;10;10;8;11;14;LCM;CAM;78;Serbia;Hellas Verona;21
297;Kaide Gordon;55;60;42;58;42;64;45;30;50;61;77;67;80;57;76;55;58;55;43;54;38;22;58;57;56;61;22;24;21;13;7;6;9;7;RES;RW;62;England;Liverpool;17
298;Benjamin Šeško;55;71;71;66;68;70;59;56;52;72;77;84;74;66;61;74;73;70;83;70;62;32;74;61;61;67;42;42;35;10;8;5;14;6;RS;ST;74;Slovenia;Salzburg;19
299;Garang Kuol;58;68;44;60;39;61;42;46;59;60;83;83;68;55;77;54;55;50;45;47;26;33;57;55;62;54;32;10;16;15;6;14;8;6;SUB;RM;64;Australia;Central Coast Mariners;17
300;Hugo Lloris;13;10;9;54;15;12;12;10;55;29;61;59;54;83;56;54;72;41;43;14;31;25;9;59;40;59;24;12;18;87;83;72;84;87;GK;GK;86;France;Tottenham Hotspur;35
301;Eden Michael Hazard;77;78;61;85;82;89;83;79;81;87;84;82;85;77;89;82;55;74;61;77;54;41;83;84;84;88;34;27;22;11;12;6;8;8;SUB;LW;84;Belgium;Real Madrid;31
302;Wilfried Zaha;75;81;47;75;68;88;71;54;69;87;90;91;85;74;75;83;58;78;77;72;77;35;78;70;76;81;34;39;36;15;10;15;11;10;LW;LW;82;Côte d'Ivoire;Crystal Palace;29
303;Marco Verratti;82;60;57;90;64;91;85;64;89;92;65;55;90;87;93;60;66;75;53;58;89;86;78;89;64;94;78;82;84;12;12;15;15;10;CM;CM;87;Italy;Paris Saint Germain;29
304;Kalidou Koulibaly;50;43;84;71;48;70;53;39;69;72;68;88;48;83;33;67;82;70;93;38;83;85;50;65;50;82;88;89;86;7;11;7;13;5;LCB;CB;86;Senegal;Chelsea;31
305;Samuel Yves Umtiti;61;51;78;76;65;64;72;62;73;72;61;65;58;75;64;83;82;55;82;70;79;80;51;58;59;74;79;79;77;15;10;14;12;15;LCB;CB;79;France;Lecce;28
306;Marcelo Brozović;73;69;70;85;65;79;79;74;84;84;70;68;79;83;84;80;70;94;68;84;86;84;67;83;69;82;80;84;82;8;8;15;11;8;SUB;CDM;86;Croatia;Inter;29
307;Nabil Fekir;81;83;49;83;77;89;83;79;77;86;88;79;85;81;91;84;64;80;81;83;81;34;82;87;74;89;34;42;30;15;9;8;14;15;CAM;CAM;85;France;Real Betis;28
308;Lucas François Bernard Hernández Pi;78;53;82;77;46;65;59;39;63;76;75;78;70;84;69;62;85;73;78;51;90;83;62;63;42;77;85;85;83;10;7;8;14;10;SUB;CB;84;France;FC Bayern München;26
309;Nicolò Barella;79;73;53;86;80;80;79;67;85;87;80;78;90;88;90;77;78;94;73;79;84;83;81;86;73;86;79;79;81;11;5;13;14;11;RCM;CM;88;Italy;Inter;25
310;Ryan Kent;72;69;58;73;67;78;68;57;68;74;90;89;91;76;87;81;43;81;52;72;74;45;71;73;52;70;44;44;33;9;8;6;13;7;LW;RM;77;England;Rangers;25
311;Giovani Lo Celso;78;73;62;84;71;85;82;79;83;85;74;69;81;82;80;82;56;75;69;74;82;70;75;85;65;83;64;73;68;10;7;10;15;14;LM;CAM;83;Argentina;Villarreal;26
312;Kieran Tierney;83;52;59;78;38;79;72;56;68;77;86;83;76;80;77;79;81;81;74;66;84;77;75;74;42;75;78;78;77;13;16;8;12;13;SUB;LB;81;Scotland;Arsenal;25
313;Renato Júnior Luz Sanches;72;67;61;81;68;84;69;68;79;83;85;82;84;80;90;89;84;86;83;78;84;75;74;79;68;83;73;74;65;5;12;6;13;14;SUB;CAM;83;Portugal;Paris Saint Germain;24
314;Kevin Mac Allister;59;53;71;71;37;70;38;41;58;71;82;71;82;72;77;57;83;90;73;55;80;72;66;64;45;71;75;75;74;8;6;7;12;8;RCB;CB;76;Argentina;Argentinos Juniors;24
315;Declan Rice;55;61;72;83;50;78;61;65;84;79;68;74;55;81;67;78;74;90;79;65;84;85;58;79;71;83;82;84;80;8;11;14;5;9;LDM;CDM;85;England;West Ham United;23
316;Carlos Alberto Rodríguez Gómez;63;72;50;80;50;77;64;61;75;77;78;77;86;73;74;66;65;83;62;62;62;70;72;76;62;80;66;70;62;12;15;11;8;10;RCM;CAM;78;Mexico;;25
317;Moise Bioty Kean;48;79;76;68;72;77;69;44;46;75;83;87;79;70;79;84;79;77;81;66;57;31;81;58;65;72;40;36;30;13;8;10;7;9;SUB;ST;80;Italy;Juventus;22
318;David Neres Campos;73;74;45;78;72;86;79;52;69;85;87;85;88;78;87;77;56;73;64;75;53;35;74;79;69;85;42;32;29;14;10;5;13;6;RM;CAM;83;Brazil;Benfica;25
319;Rayan Aït Nouri;75;42;62;71;39;78;72;58;66;76;78;76;74;70;76;46;57;74;56;44;65;72;62;67;42;69;73;77;74;15;11;8;14;12;LB;LB;76;France;Wolverhampton Wanderers;21
320;Andriy Lunin;15;8;12;25;12;11;14;15;26;15;39;35;36;74;25;55;56;32;61;7;22;19;11;60;19;56;22;13;11;74;71;73;75;76;SUB;GK;75;Ukraine;Real Madrid;23
321;Odilon Kossounou;58;26;75;67;28;66;33;23;69;69;71;77;63;70;56;52;74;76;81;24;74;74;38;57;32;65;74;77;76;5;8;6;10;6;SUB;CB;77;Côte d'Ivoire;Bayer 04 Leverkusen;21
322;Roger Ibañez Da Silva;34;27;77;63;29;40;32;35;40;73;85;82;69;84;62;45;69;83;77;25;80;86;32;34;46;74;81;81;85;12;7;10;6;12;LCB;CB;82;Brazil;Roma;23
323;Edmond Fayçal Tapsoba;39;57;82;80;33;66;54;32;78;74;74;67;66;79;64;74;78;75;83;30;74;83;34;66;77;80;82;86;77;5;10;13;7;15;RCB;CB;83;Burkina Faso;Bayer 04 Leverkusen;23
324;Brian Ebenezer Adjei Brobbey;35;79;72;73;63;67;49;44;53;76;79;83;63;74;84;77;91;67;91;63;70;26;81;52;66;77;28;23;24;10;11;15;8;13;ST;ST;79;Netherlands;Ajax;20
325;Giacomo Raspadori;54;80;69;78;76;80;69;60;58;83;85;77;77;78;86;77;60;65;54;75;59;18;81;76;76;77;24;23;21;13;14;7;7;9;SUB;CAM;80;Italy;Napoli;22
326;Leo Fuhr Hjelde;55;32;64;65;30;57;30;28;56;62;65;75;59;60;40;29;65;55;73;31;61;62;48;46;36;58;64;65;65;10;13;11;9;8;RES;CB;67;Norway;Leeds United;18
327;Ivan Ilić;71;68;58;80;61;79;72;63;79;81;77;75;73;71;70;80;68;73;70;76;71;70;68;78;59;71;69;71;67;10;10;8;11;14;LCM;CAM;78;Serbia;Hellas Verona;21
328;Octavian George Popescu;67;66;40;69;59;74;74;50;67;74;81;82;84;63;78;73;59;76;48;68;58;30;62;70;52;69;27;34;26;15;12;14;11;9;SUB;RM;73;Romania;FCSB;19
329;Levi Colwill;51;26;65;64;33;60;49;34;63;64;68;70;55;66;67;45;76;64;78;38;69;69;43;57;39;64;67;73;69;15;14;8;10;14;SUB;CB;72;England;Brighton & Hove Albion;19
330;Mesut Özil;82;70;51;85;77;78;84;75;80;80;70;68;75;65;74;68;33;40;43;66;44;14;77;82;79;85;16;16;19;6;14;10;6;14;RES;CAM;77;Germany;İstanbul Başakşehir;33
331;Robert Lewandowski;71;94;91;84;89;85;79;85;70;89;76;75;77;93;82;91;85;76;87;84;81;49;94;81;90;88;35;42;19;15;6;12;8;10;ST;ST;91;Poland;FC Barcelona;33
332;Virgil van Dijk;53;52;86;79;45;70;60;70;86;76;68;91;61;89;53;81;88;74;93;64;85;89;47;65;62;90;91;91;86;13;10;13;11;11;LCB;CB;89;Netherlands;Liverpool;30
333;Michy Batshuayi Tunga;65;76;75;64;77;74;67;54;39;77;77;78;75;77;71;86;84;69;82;73;69;29;78;64;68;79;37;31;22;9;10;16;7;15;RS;ST;77;Belgium;Fenerbahçe;28
334;João Pedro Cavaco Cancelo;88;69;72;88;62;86;87;69;79;87;86;84;79;85;78;80;72;91;62;79;76;82;81;85;52;86;79;84;80;6;9;15;14;14;LB;LB;88;Portugal;Manchester City;28
335;Andries Noppert;14;19;19;28;19;19;24;14;39;23;45;50;40;74;60;50;66;42;69;20;21;16;15;32;19;54;10;15;13;77;73;67;73;75;GK;GK;75;Netherlands;SC Heerenveen;28
336;Ben Godfrey;56;35;73;71;40;62;39;33;65;68;72;90;65;74;66;53;80;71;83;55;81;74;46;56;44;68;75;78;78;7;6;12;14;11;RES;CB;79;England;Everton;24
337;Robin Le Normand;35;19;85;78;25;52;29;25;64;72;58;67;33;79;51;40;85;71;88;22;68;82;21;32;34;73;83;84;80;9;13;14;15;10;LCB;CB;83;France;Real Sociedad;25
338;Tanguy Ndombèlé Alvaro;73;68;56;84;62;88;74;59;79;86;68;64;81;77;86;79;58;52;75;74;73;69;70;84;58;86;67;72;69;8;10;13;8;7;SUB;CAM;82;France;Napoli;25
339;김민재 金敏在;35;23;76;73;24;57;36;23;67;66;75;84;65;77;65;51;80;77;88;37;82;78;48;57;30;68;80;82;78;13;7;11;14;11;LCB;CB;81;Korea Republic;Napoli;25
340;Juan Marcos Foyth;70;43;75;76;43;69;61;47;69;77;71;73;69;76;71;56;73;73;78;42;79;79;53;65;47;67;80;82;79;8;15;7;14;9;SUB;CB;80;Argentina;Villarreal;24
341;Conor Gallagher;69;77;49;77;63;78;65;70;76;79;69;78;68;80;68;79;58;93;64;78;79;71;78;76;55;72;62;75;67;7;6;15;9;9;SUB;CM;80;England;Chelsea;22
342;Lovro Majer;79;71;55;82;67;85;86;77;79;85;76;63;84;79;69;76;57;77;64;72;62;63;77;81;78;78;56;65;58;9;12;12;5;6;RCM;CAM;82;Croatia;Rennes;24
343;Oihan Sancet Tirapu;57;76;71;80;69;78;60;53;70;80;75;72;78;78;57;79;57;75;76;74;56;70;77;80;70;81;45;68;60;15;11;6;15;7;RCM;CAM;80;Spain;Athletic Club;22
344;Joe Gelhardt;48;73;55;69;65;80;57;45;58;76;76;74;74;70;80;79;72;71;74;67;60;23;72;65;65;72;32;23;18;6;13;6;10;12;SUB;CAM;74;England;Leeds United;20
345;Adam Hložek;69;75;73;75;73;77;68;64;68;79;79;78;69;76;78;78;70;76;84;76;70;23;77;78;66;78;23;32;23;11;10;9;11;10;SUB;ST;79;Czech Republic;Bayer 04 Leverkusen;19
346;João Pedro Junqueira de Jesus;56;72;72;65;65;76;61;46;59;73;79;76;80;71;60;68;54;68;64;63;29;14;73;63;69;70;17;25;24;7;6;10;8;14;SUB;ST;73;Brazil;Watford;20
347;Joey Veerman;79;65;54;82;58;80;75;73;83;79;69;58;74;75;69;79;50;81;76;78;68;68;64;84;65;77;65;68;63;12;11;10;5;9;CM;CM;80;Netherlands;PSV;23
348;Ronald Federico Araújo da Silva;58;56;85;76;38;55;47;45;66;66;72;85;56;81;55;61;87;74;86;35;84;81;56;59;43;76;82;84;84;11;14;9;11;8;RCB;CB;84;Uruguay;FC Barcelona;23
349;Manuel Ugarte Ribeiro;58;65;39;79;45;79;54;50;78;79;71;72;69;78;60;62;53;84;75;65;76;80;75;76;50;84;77;77;76;6;10;16;8;13;RCM;CM;80;Uruguay;Sporting CP;21
350;三笘 薫;62;73;45;72;66;79;67;62;59;76;88;77;86;73;68;65;65;68;62;68;58;57;71;72;63;75;56;59;54;10;13;10;14;9;SUB;CAM;76;Japan;Brighton & Hove Albion;25
351;Santiago Simón;72;61;55;73;55;74;69;58;72;75;81;73;79;72;78;65;60;73;70;66;77;65;75;76;58;75;65;71;70;13;15;8;6;11;SUB;CAM;75;Argentina;River Plate;20
352;Lesley Chimuanya Ugochukwu;58;49;71;74;47;69;60;41;71;72;69;67;69;69;68;68;70;70;78;58;69;65;62;65;52;68;64;69;67;10;13;15;11;8;SUB;CM;71;France;Rennes;18
353;Anass Zaroury;61;67;52;68;58;76;69;52;65;73;85;79;84;69;87;70;72;71;51;63;52;28;68;69;50;67;18;27;22;10;10;11;11;6;RM;CAM;73;Morocco;Burnley;21
354;Francisco Fernandes Conceição;64;62;36;69;64;81;61;48;63;77;83;76;93;65;85;62;40;64;33;56;42;23;64;69;59;69;30;37;33;9;6;7;15;14;SUB;CAM;73;Portugal;Ajax;19
355;Cristian Nicolás Medina;65;60;51;74;49;72;62;52;68;74;71;70;72;69;74;57;57;80;60;59;72;64;67;71;54;69;65;67;62;8;8;12;6;6;SUB;CM;73;Argentina;Boca Juniors;20
356;Leandro Morgalla;33;39;59;59;26;46;27;29;59;61;74;70;66;59;62;40;71;68;69;30;57;65;32;33;42;54;63;68;66;6;15;12;12;12;RCB;CB;66;Germany;1860 München;17
357;Vanderson de Oliveira Campos;77;63;68;76;61;76;69;72;67;75;79;78;76;74;74;62;56;75;67;59;71;70;72;74;49;72;71;74;72;8;8;6;6;7;RB;RB;76;Brazil;Monaco;21
358;Henrique Pereira Araújo;47;73;72;62;61;66;69;42;48;68;73;68;50;72;67;74;78;68;75;64;59;14;72;61;69;61;21;27;21;8;8;11;9;10;RES;ST;73;Portugal;Benfica;20
359;Abdul Fatawu Issahaku;57;63;42;67;64;73;70;71;63;68;84;80;86;65;86;77;52;53;51;73;48;35;56;57;64;68;30;38;34;13;7;7;7;5;SUB;CAM;69;Ghana;Sporting CP;18
360;Philippe Coutinho Correia;77;75;48;82;78;85;86;82;77;87;74;53;91;80;92;77;58;64;52;84;59;49;80;83;72;79;55;54;47;12;7;9;14;6;SUB;CAM;81;Brazil;Aston Villa;30
361;David De Gea Quintana;17;13;21;48;13;18;21;19;50;34;52;50;63;89;43;57;67;43;55;12;30;30;12;53;29;58;25;21;13;88;80;76;85;89;GK;GK;87;Spain;Manchester United;31
362;Harry Kane;80;93;85;84;87;83;82;65;86;84;67;70;68;92;73;92;79;83;83;86;80;44;94;87;92;92;50;36;38;8;10;11;14;11;ST;ST;89;England;Tottenham Hotspur;28
363;Alisson Ramsés Becker;17;13;29;60;20;27;19;18;58;40;58;49;40;87;37;64;52;32;78;14;27;11;13;66;23;68;15;19;16;86;85;85;90;89;GK;GK;89;Brazil;Liverpool;29
364;Ángel Martín Correa;75;86;71;80;80;87;82;66;68;87;86;85;90;84;88;83;51;84;69;86;79;48;86;82;67;79;42;53;44;13;10;9;8;16;SUB;CF;85;Argentina;Atlético Madrid;27
365;Joelinton Cassio Apolinário de Lira;41;65;78;78;59;81;55;38;71;80;74;77;66;80;68;81;79;86;85;60;84;69;74;79;61;78;72;78;66;9;13;8;13;13;LW;CM;79;Brazil;Newcastle United;25
366;Brahim Abdelkader Díaz;66;69;30;83;55;82;74;61;74;83;81;75;89;72;91;70;66;65;44;71;41;30;73;78;58;72;40;23;21;13;9;13;10;6;CAM;CAM;80;Spain;Milan;22
367;Alban Lafont;13;6;13;54;9;14;13;12;51;10;48;45;60;71;53;51;73;40;70;9;20;11;4;56;16;61;20;14;12;83;77;68;77;86;GK;GK;80;France;Nantes;23
368;Tyler Shaan Adams;55;48;65;78;33;71;52;42;73;73;86;76;83;77;85;51;84;87;68;46;80;76;65;72;51;77;77;80;74;6;13;12;8;7;RDM;CDM;79;United States;Leeds United;23
369;Carlos Soler Barragán;77;78;56;85;66;80;80;85;84;81;78;82;76;83;73;77;58;84;71;76;65;74;78;85;86;76;67;79;68;6;14;7;13;11;SUB;CM;84;Spain;Paris Saint Germain;25
370;João Pedro Neves Filipe;72;74;60;72;66;79;75;68;68;78;85;87;89;66;80;72;73;69;57;73;56;37;70;74;59;73;28;41;25;14;7;14;5;11;LW;CAM;77;Portugal;Celtic;23
371;Martin Terrier;73;85;75;78;79;80;77;58;72;82;84;86;73;78;70;79;78;77;75;80;57;27;82;77;73;79;34;31;34;12;5;13;5;8;LM;ST;83;France;Rennes;25
372;Diego Lainez Leyva;72;64;48;75;64;81;67;50;64;77;83;71;89;67;91;61;58;56;42;65;61;39;71;67;66;74;50;54;51;14;13;14;7;9;SUB;CAM;75;Mexico;Sporting Braga;22
373;Emile Smith Rowe;74;75;36;81;60;84;72;58;67;81;80;76;75;77;75;70;34;73;61;67;52;28;81;80;64;78;37;30;31;11;8;14;8;10;SUB;CAM;81;England;Arsenal;21
374;Luis Fernando Díaz Marulanda;76;80;62;76;74;89;75;58;71;87;92;91;88;83;75;84;73;84;69;82;70;25;81;77;63;83;28;38;34;10;13;13;14;14;SUB;RM;85;Colombia;Liverpool;25
375;Lutsharel Geertruida;70;61;80;74;31;72;56;30;68;75;76;78;74;69;72;49;89;78;78;42;70;72;64;68;40;75;74;79;78;12;11;13;12;10;RB;CB;78;Netherlands;Feyenoord;21
376;Benoît Badiashile Mukinayi;48;38;78;78;31;58;56;34;77;67;54;66;42;76;35;70;78;64;84;47;69;78;47;68;46;75;78;78;74;8;7;5;15;8;LCB;CB;79;France;Monaco;21
377;Francisco António Machado Mota Castro Trincão;68;71;66;70;66;83;83;56;66;81;79;77;83;78;65;73;63;69;56;73;53;35;76;74;67;83;37;36;34;5;9;6;15;7;RW;CAM;78;Portugal;Sporting CP;22
378;Dejan Kulusevski;83;77;54;82;80;85;84;61;70;85;77;78;79;80;69;76;66;83;73;82;67;55;78;81;65;81;50;64;58;14;5;10;10;5;RW;CAM;83;Sweden;Tottenham Hotspur;22
379;Aaron Buchanan Hickey;72;48;62;73;56;74;62;40;69;75;79;75;74;69;64;64;64;81;51;61;47;67;59;67;48;72;70;74;73;13;14;8;13;5;SUB;RB;75;Scotland;Brentford;20
380;Milan Fabrizio van Ewijk;69;48;53;64;48;69;50;37;48;65;91;93;77;64;73;68;70;83;66;49;66;67;50;51;41;65;64;72;67;11;13;14;12;6;RWB;RWB;73;Netherlands;SC Heerenveen;21
381;Joey Veerman;79;65;54;82;58;80;75;73;83;79;69;58;74;75;69;79;50;81;76;78;68;68;64;84;65;77;65;68;63;12;11;10;5;9;CM;CM;80;Netherlands;PSV;23
382;Pablo Solari;68;75;60;67;66;74;48;65;55;73;90;80;82;72;70;71;44;72;70;70;56;18;77;71;65;66;26;23;21;11;8;13;14;6;RM;ST;75;Argentina;River Plate;21
383;Julián Ezequiel Aude Bernardi;62;41;47;68;39;76;37;38;64;74;74;69;77;64;76;57;59;73;59;47;64;62;59;63;42;72;58;63;65;12;14;7;6;6;SUB;LM;69;Argentina;Lanús;19
384;Martin Vitík;31;33;73;66;28;55;32;30;62;64;65;66;43;71;45;60;64;63;77;34;71;73;51;62;22;64;71;75;72;15;12;8;8;10;RES;CB;74;Czech Republic;Sparta Praha;19
385;Vanderson de Oliveira Campos;77;63;68;76;61;76;69;72;67;75;79;78;76;74;74;62;56;75;67;59;71;70;72;74;49;72;71;74;72;8;8;6;6;7;RB;RB;76;Brazil;Monaco;21
386;Breel-Donald Embolo;63;76;71;76;77;77;68;58;70;74;83;85;67;76;70;84;76;79;85;71;78;44;82;72;66;71;40;63;38;13;6;7;7;12;RS;ST;80;Switzerland;Monaco;25
387;Lucas Torreira Di Pascua;71;68;59;82;65;77;70;72;76;80;77;68;85;80;89;80;51;90;68;74;87;80;68;74;48;82;81;80;76;5;5;13;7;9;RCM;CDM;82;Uruguay;Galatasaray;26
388;André Onana;15;12;20;43;13;26;30;17;53;38;62;60;66;81;53;65;77;38;79;17;32;15;11;64;27;64;12;18;14;81;80;86;80;83;GK;GK;82;Cameroon;Inter;26
389;Tammy Bakumo-Abraham;53;84;86;77;80;80;55;55;53;82;80;85;61;84;53;80;73;79;85;71;68;25;83;73;79;82;40;29;20;12;7;8;13;13;ST;ST;84;England;Roma;24
390;Reiss Nelson;67;68;39;72;55;78;66;67;58;77;85;84;82;65;80;67;41;70;53;54;42;42;69;71;60;60;31;37;37;12;12;11;11;15;SUB;RM;75;England;Arsenal;22
391;Denzel Justus Morris Dumfries;77;67;84;76;38;72;69;35;71;75;78;87;69;82;60;68;90;92;89;54;83;78;74;59;48;74;76;79;77;10;10;7;13;14;RM;RWB;82;Netherlands;Inter;26
392;Raphael Dias Belloli;79;77;45;76;72;87;81;79;74;84;90;91;88;83;79;83;74;86;65;79;76;55;82;77;78;80;47;54;38;8;7;13;8;14;RW;RW;83;Brazil;FC Barcelona;25
393;Luis Fernando Sinisterra Lucumí;68;77;69;78;74;87;64;48;67;83;92;87;93;77;87;72;89;77;57;72;56;50;75;77;55;77;56;48;47;15;13;9;13;9;SUB;CAM;82;Colombia;Leeds United;23
394;Aaron Ramsdale;15;14;15;54;16;18;17;16;54;35;47;50;53;80;49;64;66;35;59;15;35;24;18;64;25;65;20;16;15;83;77;85;78;84;GK;GK;82;England;Arsenal;24
395;Houssem Aouar;67;67;59;81;68;83;80;72;78;84;72;71;82;76;81;69;65;72;66;71;68;68;72;82;74;78;66;64;58;14;6;11;7;10;CAM;CAM;80;France;Olympique Lyonnais;24
396;Ezequiel Omar Barco;71;68;33;74;53;83;75;69;68;75;91;78;90;70;90;72;33;70;41;74;60;33;70;71;75;80;28;40;39;7;7;5;10;7;LM;CAM;77;Argentina;River Plate;23
397;Owen Wijndal;77;48;60;80;61;76;76;44;74;80;85;84;82;78;80;65;56;85;68;49;78;74;72;77;42;75;73;76;74;8;12;6;9;13;LB;LWB;80;Netherlands;Ajax;22
398;Calvin Stengs;69;61;42;69;71;74;71;62;66;72;73;74;78;70;68;72;52;65;58;67;42;27;69;76;52;69;37;31;30;14;11;7;5;10;RM;CAM;73;Netherlands;Antwerp;23
399;David Raum;88;57;59;73;52;79;81;63;71;77;86;87;77;78;77;64;63;87;76;65;69;74;59;78;49;75;71;75;74;11;8;14;12;6;LB;LWB;81;Germany;RB Leipzig;24
400;久保 建英;63;69;39;74;57;81;68;72;60;79;88;72;86;65;83;65;52;75;46;59;43;29;68;72;61;70;40;43;48;6;7;15;10;10;RS;CAM;75;Japan;Real Sociedad;21
401;Reece James;88;69;75;83;67;83;83;76;78;82;79;83;75;83;88;83;75;83;85;69;77;79;78;82;62;84;81;84;80;8;12;7;13;11;SUB;RWB;84;England;Chelsea;22
402;Éder Gabriel Militão;69;48;82;79;34;70;60;40;76;74;83;88;70;85;62;62;85;86;79;42;84;86;64;59;60;74;85;86;84;11;8;15;12;15;SUB;CB;86;Brazil;Real Madrid;24
403;Callum Hudson-Odoi;77;71;53;76;59;84;73;71;69;81;86;76;84;70;78;67;64;66;58;66;51;44;72;74;55;72;47;51;45;14;13;11;15;5;LW;RM;79;England;Bayer 04 Leverkusen;21
404;Pau Francisco Torres;55;28;85;80;41;64;45;28;78;79;70;76;68;80;52;58;80;80;82;40;79;83;42;67;42;73;84;85;83;11;13;13;13;9;LCB;CB;85;Spain;Villarreal;25
405;Gianluca Cristiano Busio;54;63;58;78;56;72;72;66;72;74;70;64;87;71;92;70;82;80;51;70;64;62;68;74;60;73;60;67;58;15;15;6;12;13;LCM;CAM;75;United States;Venezia;20
406;Cheick Oumar Doucouré;54;56;58;79;48;76;59;47;77;79;66;69;72;78;71;59;66;78;77;56;75;78;67;77;52;77;72;80;74;10;14;12;12;15;CDM;CDM;79;Mali;Crystal Palace;22
407;Ricard Puig Martí;60;63;49;80;56;80;66;51;77;80;68;63;82;73;85;66;55;65;33;68;65;61;64;80;55;77;53;65;53;12;15;14;12;9;LCM;CAM;77;Spain;LA Galaxy;22
408;Enzo Loiodice;43;51;58;77;39;73;67;69;73;76;64;67;71;68;82;69;63;80;57;71;72;67;63;75;58;69;65;71;70;14;9;5;6;15;RCM;CM;75;France;Las Palmas;21
409;Eric García Martret;54;42;77;86;31;64;65;31;80;73;55;68;64;75;56;51;77;65;72;44;76;76;42;68;44;79;77;79;78;11;9;12;11;7;LCB;CDM;79;Spain;FC Barcelona;21
410;Jarrad Branthwaite;30;28;70;68;27;45;24;22;52;62;61;74;44;62;50;46;74;67;71;25;64;67;25;27;32;66;63;72;67;10;9;11;12;10;SUB;CB;70;England;PSV;20
411;Sven Botman;43;24;81;74;27;59;47;28;70;66;54;62;57;78;34;65;77;73;89;37;81;77;45;57;37;74;79;83;80;12;9;8;6;14;LCB;CB;82;Netherlands;Newcastle United;22
412;Adrián Bernabé García;68;67;46;72;56;75;75;65;70;77;80;75;80;61;81;68;51;66;51;61;69;61;63;66;58;73;48;64;49;8;12;9;10;9;RDM;LM;73;Spain;Parma;21
413;Loïc Badé;31;25;72;70;24;58;35;23;59;71;54;59;52;65;41;59;75;67;84;25;71;72;33;57;33;73;72;77;71;7;6;14;7;7;RES;CB;75;France;Nottingham Forest;22
414;Fabricio Díaz Badaracco;53;59;64;73;75;71;59;61;78;70;73;68;74;76;76;72;58;78;53;72;58;68;59;73;57;74;67;75;71;6;11;11;12;6;RCM;CM;74;Uruguay;Liverpool;19
415;Adrien Truffert;77;52;59;72;54;75;66;53;70;74;74;77;71;71;75;63;71;79;65;51;67;72;71;66;54;68;71;77;76;6;6;6;6;8;LB;LWB;77;France;Rennes;20
416;Jeremy Sarmiento;60;62;43;65;52;67;61;55;56;65;83;77;74;55;74;70;34;54;61;54;30;22;64;64;60;68;27;32;30;12;9;13;14;12;RES;CAM;67;Ecuador;Brighton & Hove Albion;20
417;Arijon Ibrahimovic;55;60;57;57;65;62;64;55;46;66;63;56;71;45;70;65;46;41;48;61;48;24;61;59;60;48;19;23;28;12;12;10;10;8;RES;ST;61;Germany;FC Bayern München;16
418;Henrique Pereira Araújo;47;73;72;62;61;66;69;42;48;68;73;68;50;72;67;74;78;68;75;64;59;14;72;61;69;61;21;27;21;8;8;11;9;10;RES;ST;73;Portugal;Benfica;20
419;Mattia Zanotti;68;59;55;69;54;70;69;61;67;62;79;82;79;61;80;58;75;55;58;57;60;59;63;66;62;67;58;62;62;12;5;7;9;13;RES;RM;69;Italy;Inter;19
420;Alejandro Darío Gómez;83;77;38;83;72;84;85;79;78;85;86;83;91;80;93;79;67;73;46;82;58;40;78;85;72;85;48;30;34;8;11;12;9;6;SUB;CAM;84;Argentina;Sevilla;34
421;Radamel Falcao García Zárate;55;78;83;76;77;72;78;70;60;77;55;48;71;78;78;75;87;55;69;73;73;41;81;63;81;79;32;42;19;10;13;6;9;5;ST;ST;76;Colombia;Rayo Vallecano;36
422;Mesut Özil;82;70;51;85;77;78;84;75;80;80;70;68;75;65;74;68;33;40;43;66;44;14;77;82;79;85;16;16;19;6;14;10;6;14;RES;CAM;77;Germany;İstanbul Başakşehir;33
423;Diego da Silva Costa;65;79;78;62;80;73;65;59;52;76;65;67;57;73;53;78;69;65;87;70;90;40;77;72;72;83;51;39;30;11;13;12;8;11;ST;ST;76;Spain;Wolverhampton Wanderers;33
424;Eden Michael Hazard;77;78;61;85;82;89;83;79;81;87;84;82;85;77;89;82;55;74;61;77;54;41;83;84;84;88;34;27;22;11;12;6;8;8;SUB;LW;84;Belgium;Real Madrid;31
425;Pierre-Emerick Emiliano François Aubameyang;72;86;76;78;82;78;80;76;64;82;85;89;77;84;67;83;75;68;74;79;43;48;87;74;82;82;20;29;36;6;9;15;9;9;SUB;ST;84;Gabon;Chelsea;33
426;David Olatukunbo Alaba;83;63;77;89;67;77;77;85;80;85;79;79;76;88;78;82;81;74;78;78;78;87;73;78;79;85;89;84;83;5;7;14;15;9;LCB;CB;86;Austria;Real Madrid;30
427;Harry Kane;80;93;85;84;87;83;82;65;86;84;67;70;68;92;73;92;79;83;83;86;80;44;94;87;92;92;50;36;38;8;10;11;14;11;ST;ST;89;England;Tottenham Hotspur;28
428;Luke Shaw;82;46;76;83;63;78;84;54;72;81;74;77;70;76;78;76;83;72;80;56;85;79;77;80;38;84;79;81;78;10;12;13;7;7;LB;CB;81;England;Manchester United;26
429;Marcos Aoás Corrêa;68;59;88;84;35;69;58;32;85;79;77;81;68;88;66;65;92;82;78;45;81;89;70;76;52;86;90;89;89;6;6;12;10;13;LCB;CB;89;Brazil;Paris Saint Germain;28
430;Nicolás Alejandro Tagliafico;75;57;82;76;44;73;66;40;75;76;79;79;77;81;82;65;88;86;75;46;84;79;69;69;46;76;80;79;80;13;9;10;15;16;LWB;LB;81;Argentina;Olympique Lyonnais;29
431;Pierre-Emile Kordt Højbjerg;68;68;65;84;64;79;70;74;84;80;56;54;65;85;67;85;65;87;78;82;88;83;69;75;56;85;84;85;73;9;7;12;11;11;RCM;CDM;85;Denmark;Tottenham Hotspur;26
432;Breel-Donald Embolo;63;76;71;76;77;77;68;58;70;74;83;85;67;76;70;84;76;79;85;71;78;44;82;72;66;71;40;63;38;13;6;7;7;12;RS;ST;80;Switzerland;Monaco;25
433;Lucas Torreira Di Pascua;71;68;59;82;65;77;70;72;76;80;77;68;85;80;89;80;51;90;68;74;87;80;68;74;48;82;81;80;76;5;5;13;7;9;RCM;CDM;82;Uruguay;Galatasaray;26
434;Mario Barwuah Balotelli;64;80;72;76;78;78;76;80;66;81;67;66;68;62;49;86;72;59;91;80;73;30;74;74;91;80;10;22;20;2;2;2;4;2;CF;ST;77;Italy;Sion;31
435;Christian Dannemann Eriksen;88;72;52;89;80;77;89;87;90;90;63;60;68;81;78;84;49;74;52;85;46;55;75;87;72;88;59;57;22;9;14;7;7;6;RCM;CM;83;Denmark;Manchester United;30
436;Mauro Emanuel Icardi Rivero;47;83;80;75;77;71;70;52;54;75;65;68;61;76;71;80;88;62;72;70;58;24;84;72;79;78;40;27;20;13;9;5;7;9;ST;ST;78;Argentina;Galatasaray;29
437;Josef Alexander Martínez Mencia;53;81;75;67;73;74;68;57;55;76;83;87;88;77;88;84;89;57;74;66;66;20;83;58;79;75;20;20;15;12;14;14;12;8;SUB;ST;78;Venezuela;Atlanta United;29
438;Bryan Cristante;70;68;76;81;70;76;68;62;85;80;55;53;62;76;54;83;71;88;79;77;75;74;76;79;58;78;81;79;72;3;5;3;3;5;RCM;CM;82;Italy;Roma;27
439;Mohamed Salah Ghaly;80;93;59;84;84;90;84;69;77;88;89;90;90;93;91;83;69;87;75;85;63;55;92;85;86;92;38;43;41;14;14;9;11;14;RW;RW;90;Egypt;Liverpool;30
440;Fábio Henrique Tavares;75;63;75;84;47;78;71;53;82;81;62;66;63;86;64;81;75;88;81;70;85;86;70;76;90;85;86;87;85;13;12;6;8;8;CDM;CDM;86;Brazil;Liverpool;28
441;Mike Maignan;18;15;17;57;16;31;38;16;53;40;50;53;41;85;56;64;74;39;78;20;35;25;15;61;15;66;23;16;19;85;82;85;85;89;RES;GK;87;France;Milan;26
442;Enner Remberto Valencia Lastra;67;75;75;68;62;75;73;73;60;72;87;87;83;73;72;81;91;79;77;71;76;42;78;65;78;71;44;48;41;9;12;16;9;8;LS;ST;76;Ecuador;Fenerbahçe;32
443;Leroy Aziz Sané;82;80;72;82;84;86;84;83;70;85;89;89;87;82;81;86;64;70;66;80;63;34;81;81;71;82;36;32;35;8;12;9;9;14;SUB;LM;84;Germany;FC Bayern München;26
444;Gonçalo Manuel Ganchinho Guedes;81;82;75;70;75;84;76;70;69;82;85;87;84;81;75;87;63;72;72;88;64;50;78;76;69;77;24;34;30;9;12;11;9;9;SUB;ST;83;Portugal;Wolverhampton Wanderers;25
445;Presnel Kimpembe;59;33;80;80;33;63;50;32;75;78;79;80;68;80;59;70;79;79;88;37;90;84;47;64;52;79;81;86;84;7;8;14;15;9;SUB;CB;86;France;Paris Saint Germain;26
446;Matty Cash;77;67;49;73;48;75;66;48;71;74;79;81;78;78;74;77;77;87;68;64;82;76;71;67;44;72;77;77;78;15;16;13;13;8;RB;RWB;80;Poland;Aston Villa;24
447;Rodrigo Bentancur Colmán;76;66;62;84;71;85;71;68;82;83;68;70;72;79;75;69;73;86;72;65;78;82;69;80;64;83;79;83;78;8;7;14;14;12;LCM;CM;83;Uruguay;Tottenham Hotspur;25
448;Milan Škriniar;40;42;81;72;40;67;34;30;73;72;75;81;54;86;56;50;85;81;89;30;87;86;30;46;56;87;91;90;82;10;13;12;8;12;RCB;CB;86;Slovakia;Inter;27
449;Luka Jović;67;79;79;72;83;78;77;56;61;80;72;76;73;80;78;82;76;73;78;75;62;23;81;70;66;76;25;26;16;8;7;12;9;13;ST;ST;81;Serbia;Fiorentina;24
450;Xaver Schlager;59;66;44;79;60;76;70;60;77;77;74;62;78;81;77;78;63;85;80;76;85;83;75;78;56;74;75;74;69;6;8;8;12;7;RCM;CDM;81;Austria;RB Leipzig;24
451;Luis Fernando Sinisterra Lucumí;68;77;69;78;74;87;64;48;67;83;92;87;93;77;87;72;89;77;57;72;56;50;75;77;55;77;56;48;47;15;13;9;13;9;SUB;CAM;82;Colombia;Leeds United;23
452;Lincoln Henrique Oliveira dos Santos;78;68;51;77;69;78;81;79;77;76;80;77;85;70;76;74;68;75;63;73;57;46;71;78;68;76;40;50;44;13;12;11;9;9;LM;CAM;78;Brazil;Fenerbahçe;23
453;Houssem Aouar;67;67;59;81;68;83;80;72;78;84;72;71;82;76;81;69;65;72;66;71;68;68;72;82;74;78;66;64;58;14;6;11;7;10;CAM;CAM;80;France;Olympique Lyonnais;24
454;Calvin Stengs;69;61;42;69;71;74;71;62;66;72;73;74;78;70;68;72;52;65;58;67;42;27;69;76;52;69;37;31;30;14;11;7;5;10;RM;CAM;73;Netherlands;Antwerp;23
455;Edward Nketiah;43;76;66;67;70;75;54;38;45;74;85;78;79;76;72;72;73;69;59;60;54;20;76;58;68;68;24;19;15;12;10;11;9;5;SUB;ST;75;England;Arsenal;23
456;Oumar Mickael Solet Bomawoko;31;35;68;74;33;69;35;34;71;68;80;86;68;69;36;64;80;73;89;39;75;74;59;56;42;69;74;74;70;12;14;10;14;15;RCB;CB;77;France;Salzburg;22
457;Jaidon Anthony;73;67;54;72;59;73;68;61;64;74;80;79;71;67;75;63;70;74;64;59;48;21;68;73;62;73;20;26;17;8;9;7;13;15;SUB;RM;74;England;AFC Bournemouth;22
458;Mohamed Amine Ihattaren;75;65;52;70;69;80;74;71;70;81;62;65;71;61;71;70;50;36;70;68;54;34;66;80;68;72;38;42;36;9;9;9;13;6;RES;CAM;74;Netherlands;Ajax;20
459;Jhon Durán;31;64;47;48;38;58;45;27;45;62;79;82;69;50;55;51;71;69;71;45;63;14;60;43;51;53;19;28;22;6;6;10;9;5;SUB;ST;61;Colombia;Chicago Fire;18
460;Leonidas Stergiou;36;27;64;57;28;38;33;29;51;55;80;79;72;70;70;49;87;69;74;25;62;63;29;41;39;53;65;71;68;7;8;11;6;9;RCB;CB;69;Switzerland;St. Gallen;20
461;Mateus Cardoso Lemos Martins;74;75;56;76;55;81;66;70;68;79;80;83;83;74;75;74;65;71;56;69;44;41;71;70;72;77;42;38;27;7;11;5;9;11;SUB;CAM;78;Brazil;Olympique Lyonnais;22
462;Sebastiano Esposito;70;70;64;71;66;73;75;75;70;75;70;70;70;59;67;72;71;63;65;69;45;30;66;65;69;64;24;40;35;15;12;12;10;10;RS;CAM;71;Italy;Anderlecht;19
463;Zakaria Aboukhlal;63;73;48;72;54;73;68;52;62;70;87;85;85;67;76;73;62;80;71;68;67;20;65;69;62;66;53;42;33;10;6;10;5;12;LW;LM;74;Morocco;Toulouse;22
464;Renan Augusto Lodi dos Santos;80;66;70;77;59;79;81;57;75;77;83;83;84;78;82;76;78;84;67;68;78;74;74;73;55;78;73;76;79;12;7;11;10;15;SUB;LWB;80;Brazil;Nottingham Forest;24
465;David Mota Veiga Teixeira Carmo;31;23;74;70;28;45;33;25;70;62;53;54;35;76;32;43;36;65;92;23;80;78;22;53;38;70;80;79;76;10;7;9;14;15;LCB;CB;79;Portugal;Porto;22
466;Sven Botman;43;24;81;74;27;59;47;28;70;66;54;62;57;78;34;65;77;73;89;37;81;77;45;57;37;74;79;83;80;12;9;8;6;14;LCB;CB;82;Netherlands;Newcastle United;22
467;Ladislav Krejčí;56;62;84;75;51;67;55;54;73;71;65;68;57;73;65;76;66;79;86;68;91;74;69;68;61;75;73;74;71;9;5;6;14;6;SUB;CB;78;Czech Republic;Sparta Praha;23
468;Nicolás González Iglesias;62;63;68;82;51;74;50;59;76;75;64;68;64;75;54;66;68;72;82;61;80;75;70;78;54;74;72;76;68;14;14;10;12;7;SUB;CDM;78;Spain;Valencia;20
469;Arijon Ibrahimovic;55;60;57;57;65;62;64;55;46;66;63;56;71;45;70;65;46;41;48;61;48;24;61;59;60;48;19;23;28;12;12;10;10;8;RES;ST;61;Germany;FC Bayern München;16
470;Henrique Pereira Araújo;47;73;72;62;61;66;69;42;48;68;73;68;50;72;67;74;78;68;75;64;59;14;72;61;69;61;21;27;21;8;8;11;9;10;RES;ST;73;Portugal;Benfica;20
471;Andrew Abiola Omobamidele;25;24;68;59;27;55;36;14;55;60;76;72;63;60;52;42;79;65;80;16;67;70;30;46;25;50;70;73;70;8;10;7;8;7;RCB;CB;72;Republic of Ireland;Norwich City;20
472;Miguel Crespo da Silva;66;60;65;76;57;76;73;64;73;73;70;66;77;76;65;72;67;93;77;66;83;78;68;72;65;74;71;76;73;11;8;8;15;8;CM;CDM;78;Portugal;Fenerbahçe;25
473;Raphael Onyedika;51;55;56;73;51;69;56;38;66;71;77;75;67;70;73;57;73;86;75;46;76;74;53;64;48;75;71;70;68;9;5;12;13;11;CDM;CDM;74;Nigeria;Club Brugge;21
474;Gonçalo Esteves;67;38;49;65;39;71;66;43;68;70;75;76;58;73;68;43;67;63;64;30;62;69;65;59;42;60;62;70;66;13;6;11;10;6;SUB;RB;70;Portugal;Estoril;18
475;Conor Bradley;63;50;45;60;32;66;50;27;55;64;78;78;66;63;66;50;55;75;56;48;62;58;62;57;33;60;56;63;59;15;9;10;5;10;RWB;RWB;66;Northern Ireland;Bolton Wanderers;18
476;Linus Gechter;40;26;69;59;37;43;30;35;55;49;61;70;52;63;55;50;70;68;76;28;58;67;28;45;37;58;69;72;68;14;6;8;6;11;SUB;CB;70;Germany;Hertha BSC;18
477;Johan Bakayoko;57;62;58;58;53;72;64;57;55;71;87;86;82;62;63;62;58;67;67;60;28;17;60;62;57;62;23;35;27;7;14;7;6;9;SUB;LM;69;Belgium;PSV;19
478;Rodrigo Duarte Ribeiro;39;70;69;54;44;67;42;35;45;65;71;74;66;66;60;65;70;60;70;60;30;16;63;57;70;66;19;17;15;13;13;12;9;7;RES;ST;68;Portugal;Sporting CP;17
479;Prince Aning;65;35;32;61;37;70;49;35;42;66;84;82;85;57;90;44;72;67;39;28;68;56;57;47;42;52;50;53;55;14;8;13;12;12;SUB;LM;64;Netherlands;Borussia Dortmund II;18
480;David Josué Jiménez Silva;83;70;53;89;81;84;82;77;84;86;69;55;80;82;89;72;58;65;45;71;56;50;84;89;75;90;58;53;29;6;15;7;6;12;CAM;CAM;83;Spain;Real Sociedad;36
481;Dries Mertens;73;82;40;84;70;88;82;82;72;88;82;77;85;80;92;80;58;68;37;82;59;36;82;83;79;81;23;40;40;7;10;8;10;4;CF;CF;84;Belgium;Galatasaray;35
482;Marcelo Vieira da Silva Júnior;83;71;72;79;63;89;84;67;77;90;73;69;78;75;76;81;74;63;69;70;77;76;79;78;59;78;71;77;78;12;5;5;5;9;SUB;CAM;80;Brazil;Real Madrid;33
483;Javier Hernández Balcázar;64;83;78;66;75;73;67;52;56;78;77;67;74;87;79;75;83;71;68;66;59;26;89;68;68;81;21;31;25;14;12;9;12;11;ST;ST;79;Mexico;LA Galaxy;34
484;Thibaut Nicolas Marc Courtois;14;14;13;33;12;13;19;20;35;23;42;52;63;84;45;56;68;38;70;17;23;15;13;44;27;66;20;18;16;84;89;75;89;90;GK;GK;90;Belgium;Real Madrid;30
485;Romelu Lukaku Menama;73;88;87;78;79;82;78;66;70;78;72;86;59;86;52;87;74;67;95;75;71;27;86;75;88;82;30;41;30;8;15;14;7;10;SUB;ST;86;Belgium;Inter;29
486;Jack Grealish;82;76;36;84;72;88;78;74;81;87;78;75;84;81;84;76;32;80;70;79;60;44;81;86;58;88;48;49;43;11;6;11;10;13;LW;LW;84;England;Manchester City;26
487;Leandro Trossard;77;80;65;77;74;82;83;69;74;81;89;76;92;76;85;80;78;76;60;79;47;18;79;77;75;83;30;31;18;14;8;11;7;7;SUB;LM;80;Belgium;Brighton & Hove Albion;27
488;Josef Alexander Martínez Mencia;53;81;75;67;73;74;68;57;55;76;83;87;88;77;88;84;89;57;74;66;66;20;83;58;79;75;20;20;15;12;14;14;12;8;SUB;ST;78;Venezuela;Atlanta United;29
489;Mohamed Salah Ghaly;80;93;59;84;84;90;84;69;77;88;89;90;90;93;91;83;69;87;75;85;63;55;92;85;86;92;38;43;41;14;14;9;11;14;RW;RW;90;Egypt;Liverpool;30
490;Rafael Alexandre Fernandes Ferreira da Silva;78;79;49;77;68;86;81;56;76;85;94;93;90;84;89;77;64;84;40;77;47;58;83;83;59;81;52;47;39;9;11;11;12;8;CF;RW;84;Portugal;Benfica;29
491;James Maddison;83;80;35;85;77;85;86;86;84;87;78;69;86;80;83;83;51;78;53;83;70;44;84;86;74;87;59;65;42;11;14;14;12;14;RM;CAM;85;England;Leicester City;25
492;Guido Rodríguez;59;43;73;81;47;70;49;50;75;76;56;54;47;75;45;80;35;76;79;69;83;85;68;71;53;70;84;86;84;12;11;14;16;6;RDM;CDM;81;Argentina;Real Betis;27
493;Presnel Kimpembe;59;33;80;80;33;63;50;32;75;78;79;80;68;80;59;70;79;79;88;37;90;84;47;64;52;79;81;86;84;7;8;14;15;9;SUB;CB;86;France;Paris Saint Germain;26
494;Steven Charles Bergwijn;76;77;60;79;76;84;79;65;64;82;89;86;79;79;89;84;69;73;76;81;54;34;78;79;68;77;52;36;32;11;14;12;14;13;LW;CAM;83;Netherlands;Ajax;24
495;Federico Dimarco;83;59;69;76;77;76;82;78;77;77;78;77;74;76;84;65;64;78;65;72;68;77;74;67;66;69;74;77;74;9;8;12;7;7;LM;LWB;79;Italy;Inter;24
496;Gianluca Scamacca;44;83;83;76;79;75;69;68;68;81;65;75;63;78;68;81;84;65;85;74;55;26;82;72;68;79;40;28;20;12;10;11;7;12;ST;ST;82;Italy;West Ham United;23
497;Kyle Walker-Peters;78;41;65;73;30;76;56;31;62;78;77;76;74;75;78;45;75;85;64;45;70;72;65;64;32;73;73;79;75;9;8;7;11;12;RB;RB;78;England;Southampton;25
498;Robert Lynch Sánchez;12;14;15;51;15;15;12;14;55;37;45;44;40;73;35;55;73;40;66;16;33;8;12;65;15;64;18;13;15;79;76;73;78;80;SUB;GK;78;Spain;Brighton & Hove Albion;24
499;Franck Yannick Kessié;66;73;68;83;60;78;61;54;75;84;77;79;70;81;77;84;72;93;86;78;84;84;74;76;88;84;85;84;78;9;11;12;12;10;SUB;CDM;85;Côte d'Ivoire;FC Barcelona;25
500;Chiedozie Ogbene;64;63;59;65;59;72;56;57;55;68;92;91;77;68;65;67;69;82;73;61;65;56;66;63;50;61;55;57;57;11;5;11;12;14;RW;RM;72;Republic of Ireland;Rotherham United;25
501;Rodrigo Hernández Cascante;63;64;80;86;59;78;65;61;83;85;54;62;65;82;65;89;72;88;84;82;82;83;75;83;46;85;84;86;78;10;10;7;14;8;CDM;CDM;87;Spain;Manchester City;26
502;Kasper Kaan Özden Kairinen;57;53;48;66;48;63;59;59;64;66;66;63;68;65;69;65;58;74;67;60;52;64;59;64;52;64;62;63;58;14;12;9;9;8;SUB;CM;67;Finland;Lillestrøm;23
503;鎌田 大地;75;72;53;85;66;85;76;68;80;84;82;68;85;80;81;61;67;75;57;67;52;43;81;85;79;83;47;47;40;6;10;11;6;11;LCM;CAM;84;Japan;Eintracht Frankfurt;25
504;Benjamin Anthony Brereton Díaz;64;75;70;68;69;75;68;61;53;73;85;83;77;74;65;75;47;78;80;66;69;36;75;65;71;72;34;44;37;7;12;13;12;13;LS;ST;77;Chile;Blackburn Rovers;23
505;Aaron Ramsdale;15;14;15;54;16;18;17;16;54;35;47;50;53;80;49;64;66;35;59;15;35;24;18;64;25;65;20;16;15;83;77;85;78;84;GK;GK;82;England;Arsenal;24
506;Patrik Schick;64;84;85;78;80;83;78;56;64;85;74;82;83;82;67;82;75;69;83;80;65;25;86;74;61;84;44;24;19;11;15;8;9;14;ST;ST;85;Czech Republic;Bayer 04 Leverkusen;26
507;Eduard Andrés Atuesta Velasco;65;55;49;80;46;76;76;73;76;75;67;60;75;76;80;70;65;79;67;55;69;71;67;76;57;76;70;71;66;15;12;12;12;13;Unknown;CM;76;Colombia;;25
508;Douglas Luiz Soares de Paulo;81;64;62;82;58;76;87;76;83;83;69;65;74;77;74;80;66;76;66;81;74;77;58;79;44;82;75;75;68;12;6;13;10;7;RDM;CM;80;Brazil;Aston Villa;24
509;Abdelhamid Sabiri;65;66;68;72;41;79;77;70;65;77;68;54;77;73;63;77;70;70;67;76;53;51;69;68;57;67;52;59;58;8;6;14;8;12;SUB;CAM;74;Morocco;Sampdoria;25
510;Valentín Mariano José Castellanos Giménez;58;81;74;77;72;75;65;61;61;75;78;78;74;79;67;78;78;88;72;68;81;29;82;74;73;73;43;37;39;15;6;10;12;8;RS;ST;79;Argentina;Girona;23
511;Callum Hudson-Odoi;77;71;53;76;59;84;73;71;69;81;86;76;84;70;78;67;64;66;58;66;51;44;72;74;55;72;47;51;45;14;13;11;15;5;LW;RM;79;England;Bayer 04 Leverkusen;21
512;Mikkel Krogh Damsgaard;63;70;51;73;48;82;66;82;70;80;87;79;88;68;87;71;72;69;56;72;61;45;72;76;47;74;52;46;40;6;10;14;11;7;LW;CAM;78;Denmark;Brentford;21
513;守田 英正;70;71;47;79;30;77;72;47;80;77;69;66;70;78;69;69;59;81;74;70;70;79;76;76;48;71;71;77;71;6;10;13;7;8;LCM;CM;79;Japan;Sporting CP;27
514;Luca Pellegrini;79;46;61;75;57;76;63;39;65;78;82;85;71;70;70;65;58;67;54;60;75;68;68;47;49;69;71;76;73;6;9;11;6;5;LWB;LB;76;Italy;Eintracht Frankfurt;23
515;Nayef Aguerd;48;40;81;76;41;58;55;41;72;75;65;79;58;80;56;69;89;70;76;54;77;81;52;60;48;73;78;83;78;7;15;9;14;6;SUB;CB;82;Morocco;West Ham United;26
516;Jordan Teze;60;44;73;73;27;65;42;41;70;67;78;82;70;76;72;60;84;80;82;50;71;78;56;62;36;76;77;78;76;12;5;14;7;10;SUB;CB;79;Netherlands;PSV;22
517;Jhon Durán;31;64;47;48;38;58;45;27;45;62;79;82;69;50;55;51;71;69;71;45;63;14;60;43;51;53;19;28;22;6;6;10;9;5;SUB;ST;61;Colombia;Chicago Fire;18
518;Brenden Russell Aaronson;64;65;37;72;59;80;67;67;65;77;83;80;85;71;83;68;75;93;50;67;54;52;75;76;63;70;59;60;46;12;13;7;7;13;CAM;CAM;77;United States;Leeds United;21
519;Crysencio Summerville;64;69;41;66;51;76;60;61;47;71;90;88;87;67;82;66;35;68;50;64;34;17;67;61;62;68;40;24;26;9;9;15;11;10;LM;RM;72;Netherlands;Leeds United;20
520;Amad Diallo Traoré;57;68;48;62;54;75;62;60;61;74;88;82;88;64;85;62;58;52;45;59;40;22;72;63;63;66;19;25;22;13;15;8;11;6;RM;CAM;71;Côte d'Ivoire;Sunderland;19
521;Thiago Nicolás Borbas Silva;52;77;66;61;71;63;61;50;51;69;76;83;72;69;73;74;74;78;65;60;34;19;79;46;69;57;15;24;22;12;11;8;8;14;ST;ST;74;Uruguay;River Plate;20
522;Felipe Rodrigues da Silva;34;32;73;65;39;61;26;27;62;65;66;68;41;74;43;49;63;67;88;28;82;70;29;49;44;75;74;76;74;12;12;12;6;6;SUB;CB;76;Brazil;Benfica;21
523;Joshua Orobosa Zirkzee;55;77;58;70;67;76;68;66;45;79;68;69;66;69;60;73;66;63;84;71;43;14;73;70;67;74;20;14;16;6;11;12;8;14;SUB;ST;75;Netherlands;Bologna;21
524;Lucas Chevalier;12;9;12;25;9;14;15;14;22;17;42;40;32;59;38;49;53;34;43;8;23;10;7;43;16;35;10;10;11;74;68;65;72;73;GK;GK;71;France;Lille;20
525;Issa Kaboré;70;22;55;67;22;72;46;29;65;69;87;90;79;70;72;42;83;72;66;26;76;62;59;58;24;54;64;67;68;10;8;9;14;13;SUB;RWB;72;Burkina Faso;Olympique Marseille;21
526;Facundo Pellistri Rebollo;66;63;50;67;56;73;61;62;58;71;85;80;84;64;84;68;73;67;60;61;42;31;65;63;66;65;35;27;24;9;12;7;8;7;RES;RM;71;Uruguay;Manchester United;20
527;Santiago Hezze;53;50;70;73;35;66;48;40;69;68;70;63;66;69;65;64;69;81;74;56;70;70;64;67;46;62;68;73;66;8;13;14;14;7;RDM;CDM;73;Argentina;Huracán;20
528;Josip Šutalo;43;24;73;73;26;67;29;22;71;74;79;77;62;78;51;41;80;76;82;26;70;74;34;53;39;81;79;78;77;8;15;7;11;14;RCB;CB;78;Croatia;Dinamo Zagreb;22
529;Aaron Nicolás Molinas;69;56;39;75;44;75;57;60;76;76;79;67;85;71;73;60;55;75;52;60;59;54;70;80;44;74;55;52;44;9;8;10;10;15;SUB;CAM;75;Argentina;Boca Juniors;21
530;Nicolas Seiwald;70;58;63;75;58;70;69;60;77;74;74;73;77;78;73;70;75;91;65;66;73;75;68;74;54;69;70;75;70;5;8;7;14;7;RCM;CM;77;Austria;Salzburg;21
531;Charlie Patino;51;45;59;72;43;67;59;42;69;67;71;58;70;61;62;56;60;64;55;41;63;61;59;65;52;64;59;61;63;14;9;12;6;11;LCM;CM;67;England;Blackpool;18
532;Kevin Leonardo Mier Robles;14;10;9;24;9;9;20;12;16;20;44;42;46;71;50;50;70;35;44;8;30;8;5;48;20;28;8;11;12;72;70;67;70;77;GK;GK;73;Colombia;Atlético Nacional;22
533;Zidan Sertdemir;49;54;49;68;54;69;62;58;67;71;69;69;71;57;67;58;54;64;52;50;45;32;54;64;61;58;45;56;51;6;8;10;14;11;RES;CAM;66;Denmark;Bayer 04 Leverkusen;17
534;Ibrahima Bamba;49;37;64;65;34;60;46;39;64;62;74;75;57;66;63;64;75;78;68;52;76;65;41;57;48;60;66;70;67;9;8;7;11;14;CB;CB;70;Italy;Vitória SC;20
535;Gonçalo Esteves;67;38;49;65;39;71;66;43;68;70;75;76;58;73;68;43;67;63;64;30;62;69;65;59;42;60;62;70;66;13;6;11;10;6;SUB;RB;70;Portugal;Estoril;18
536;Conor Bradley;63;50;45;60;32;66;50;27;55;64;78;78;66;63;66;50;55;75;56;48;62;58;62;57;33;60;56;63;59;15;9;10;5;10;RWB;RWB;66;Northern Ireland;Bolton Wanderers;18
537;Cristhian Mosquera Ibargüen;39;34;70;61;29;42;30;28;59;54;63;60;65;60;67;53;73;65;63;42;66;67;25;52;33;55;66;68;68;8;6;13;8;7;RES;CB;68;Spain;Valencia;18
538;Johan Bakayoko;57;62;58;58;53;72;64;57;55;71;87;86;82;62;63;62;58;67;67;60;28;17;60;62;57;62;23;35;27;7;14;7;6;9;SUB;LM;69;Belgium;PSV;19
539;Rodrigo Duarte Ribeiro;39;70;69;54;44;67;42;35;45;65;71;74;66;66;60;65;70;60;70;60;30;16;63;57;70;66;19;17;15;13;13;12;9;7;RES;ST;68;Portugal;Sporting CP;17
